date,venue_name,set1,set2,set3,encore
06/08/2024,"Sphere at The Venetian Resort, Las Vegas, NV, USA","['Cold Rain and Snow', 'Mississippi Half-Step Uptown Toodeloo', 'Bertha', 'West L.A. Fadeaway', 'They Love Each Other', 'Jack Straw', 'One More Saturday Night']","['Good Times', 'Sugar Magnolia', 'Althea', 'Terrapin Station', 'Drums', 'Space', 'Standing on the Moon', ""Good Lovin'"", 'Deal', ""Knockin' on Heaven's Door"", 'Song played from tape', 'Not Fade Away']",[],[]
06/07/2024,"Sphere at The Venetian Resort, Las Vegas, NV, USA","[""Uncle John's Band"", ""Franklin's Tower"", 'Loose Lucy', 'Ship of Fools', 'Help on the Way', 'Slipknot!', 'Eyes of the World']","['St. Stephen', 'Scarlet Begonias', ""He's Gone"", 'Dark Star', 'Drums', 'Space', 'Looks Like Rain', ""Truckin'"", 'Throwing Stones', 'Song played from tape', 'Casey Jones']",[],[]
06/06/2024,"Sphere at The Venetian Resort, Las Vegas, NV, USA","['Minglewood Blues', 'Playing in the Band', 'Feel Like a Stranger', 'Tennessee Jed', 'The Weight', 'Peggy-O', 'Sugaree']","['Here Comes Sunshine', 'China Cat Sunflower', 'I Know You Rider', 'Estimated Prophet', 'The Other One', 'Drums', 'Space', ""Death Don't Have No Mercy"", 'Brown-Eyed Women', 'U.S. Blues', 'Morning Dew', 'Song played from tape', 'Johnny B. Goode']",[],[]
06/01/2024,"Sphere at The Venetian Resort, Las Vegas, NV, USA","['Alabama Getaway', 'The Music Never Stopped', 'They Love Each Other', 'Ramble On Rose', 'It Hurts Me Too', 'Lost Sailor', 'Saint of Circumstance']","['Sugaree', 'St. Stephen', 'Brown-Eyed Women', 'Cumberland Blues', 'Drums', 'Space', 'Dear Prudence', 'Sugar Magnolia', 'Scarlet Begonias', 'Sunshine Daydream', 'Brokedown Palace', 'Song played from tape', 'One More Saturday Night']",[],[]
05/31/2024,"Sphere at The Venetian Resort, Las Vegas, NV, USA","['Shakedown Street', 'Jack Straw', 'New Speedway Boogie', 'Row Jimmy', 'Tennessee Jed', 'Playing in the Band', ""Don't Ease Me In""]","[""Uncle John's Band"", 'China Cat Sunflower', 'I Know You Rider', 'Dark Star', 'Drums', 'Space', 'Stella Blue', 'Terrapin Station', 'Hell in a Bucket', 'Black Muddy River', 'Song played from tape', 'Casey Jones']",[],[]
05/30/2024,"Sphere at The Venetian Resort, Las Vegas, NV, USA","['Iko Iko', 'Eyes of the World', 'Bertha', 'Loser', 'El Paso', 'Cold Rain and Snow']","['Ripple', 'Estimated Prophet', 'Mr. Charlie', 'Help on the Way', 'Slipknot!', ""Franklin's Tower"", 'Drums', 'Space', 'Standing on the Moon', 'Althea', 'Going Down the Road Feeling Bad', ""Knockin' on Heaven's Door"", 'Song played from tape', 'Fire on the Mountain']",[],[]
05/26/2024,"Sphere at The Venetian Resort, Las Vegas, NV, USA","['Samson and Delilah', ""Franklin's Tower"", 'Jack Straw', 'Friend of the Devil', 'Ramble On Rose', 'Feel Like a Stranger']","['Scarlet Begonias', 'Fire on the Mountain', 'All Along the Watchtower', 'Terrapin Station', 'Drums', 'Space', 'Wharf Rat', 'Cold Rain and Snow', 'U.S. Blues', 'Morning Dew', 'Song played from tape', 'Not Fade Away']",[],[]
05/25/2024,"Sphere at The Venetian Resort, Las Vegas, NV, USA","['Bertha', 'Mississippi Half-Step Uptown Toodeloo', 'Dancing in the Street', ""Good Lovin'"", ""Maggie's Farm"", 'Deal']","['Shakedown Street', 'China Cat Sunflower', 'I Know You Rider', 'Eyes of the World', 'Drums', 'Space', 'Black Peter', 'Brown-Eyed Women', 'Hell in a Bucket', 'Throwing Stones', 'Song played from tape', 'Casey Jones']",[],[]
05/24/2024,"Sphere at The Venetian Resort, Las Vegas, NV, USA","['I Need a Miracle', 'The Music Never Stopped', 'They Love Each Other', 'The Weight', 'Cassidy', 'Mama Tried', 'Althea']","['Playing in the Band', 'Dark Star', 'St. Stephen', 'Let It Grow', 'Drums', 'Space', 'Days Between', 'Dear Mr. Fantasy', 'Hey Jude', 'Sugar Magnolia', 'Brokedown Palace', 'Song played from tape', 'Touch of Grey']",[],[]
05/18/2024,"Sphere at The Venetian Resort, Las Vegas, NV, USA","['Good Times', ""Truckin'"", 'Smokestack Lightning', 'Sugaree', 'Loose Lucy', 'Ship of Fools', 'Tennessee Jed', 'Casey Jones']","['Scarlet Begonias', 'Fire on the Mountain', 'Eyes of the World', 'Terrapin Station', 'Drums', 'Space', 'Stella Blue', 'The Wheel', 'Going Down the Road Feeling Bad', 'Throwing Stones', 'Song played from tape', 'One More Saturday Night']",[],[]
05/17/2024,"Sphere at The Venetian Resort, Las Vegas, NV, USA","['Samson and Delilah', 'Shakedown Street', 'Bertha', 'Crazy Fingers', 'Big River', ""Good Lovin'"", 'Deal']","['China Cat Sunflower', 'I Know You Rider', 'Estimated Prophet', 'Cumberland Blues', 'The Other One', 'Drums', 'Space', 'Black Peter', 'Althea', 'U.S. Blues', 'Morning Dew', 'Song played from tape', 'Turn On Your Love Light']",[],[]
05/16/2024,"Sphere at The Venetian Resort, Las Vegas, NV, USA","['Feel Like a Stranger', 'Mississippi Half-Step Uptown Toodeloo', 'Jack Straw', 'Bird Song', 'Me and My Uncle', 'Brown-Eyed Women', 'Cold Rain and Snow']","[""Uncle John's Band"", 'Help on the Way', 'Slipknot!', ""Franklin's Tower"", ""He's Gone"", 'Drums', 'Space', 'Standing on the Moon', 'St. Stephen', 'Hell in a Bucket', ""Knockin' on Heaven's Door"", 'Song played from tape', 'Not Fade Away']",[],[]
07/16/2023,"Oracle Park, San Francisco, CA, USA","['Bertha', ""Good Lovin'"", 'Loser', 'High Time', 'Samson and Delilah', 'Althea', 'Dear Mr. Fantasy', 'Hey Jude', 'Bird Song']","['Help on the Way', 'Slipknot!', ""Franklin's Tower"", 'Estimated Prophet', 'Eyes of the World', 'Drums', 'Space', 'Days Between', 'Cumberland Blues', 'Sugar Magnolia']",[],"[""Truckin'"", 'Brokedown Palace', 'Not Fade Away']"
07/15/2023,"Oracle Park, San Francisco, CA, USA","['Good Times', 'Hell in a Bucket', 'It Hurts Me Too', 'Jack Straw', 'Big Railroad Blues', 'Cassidy', 'They Love Each Other', 'Turn On Your Love Light']","['Deal', 'Playing in the Band', 'The Other One', 'Terrapin Station', 'Drums', 'Space', ""Uncle John's Band"", 'Morning Dew']",[],['Ripple']
07/14/2023,"Oracle Park, San Francisco, CA, USA","['Not Fade Away', 'Shakedown Street', 'Cold Rain and Snow', 'Ramble On Rose', 'Brown-Eyed Women', 'New Speedway Boogie', 'Wharf Rat', ""Don't Ease Me In""]","['China Cat Sunflower', 'I Know You Rider', ""He's Gone"", 'Scarlet Begonias', 'Fire on the Mountain', 'Drums', 'Space', 'Dark Star on the Big River Jam', 'Standing on the Moon', 'Casey Jones', 'U.S. Blues', ""Knockin' on Heaven's Door""]",[],[]
07/08/2023,"The Gorge Amphitheatre, George, WA, USA","['Mississippi Half-Step Uptown Toodeloo', 'Here Comes Sunshine', 'Next Time You See Me', 'Loose Lucy', 'Friend of the Devil', 'They Love Each Other', 'Lost Sailor', 'Saint of Circumstance']","['Playing in the Band', 'The Wheel', 'St. Stephen', 'The Eleven', 'Drums', 'Space', 'Dark Star', 'Althea', 'Stella Blue', 'One More Saturday Night']",[],[]
07/07/2023,"The Gorge Amphitheatre, George, WA, USA","['The Music Never Stopped', 'Alabama Getaway', 'When I Paint My Masterpiece', 'Mr. Charlie', 'Tennessee Jed', 'Dire Wolf', 'Bird Song', 'Big Railroad Blues']","['Sugaree', 'Estimated Prophet', 'Scarlet Begonias', 'Viola Lee Blues', 'Dark Star', 'Drums', 'Space', 'Cumberland Blues', 'Black Peter', 'Casey Jones']",[],['Black Muddy River']
07/03/2023,"Folsom Field, Boulder, CO, USA","['Bertha', 'New Speedway Boogie', 'Cold Rain and Snow', 'Jack Straw', 'Althea', 'Playing in the Band']","[""Uncle John's Band"", 'Help on the Way', 'Slipknot!', ""Franklin's Tower"", ""He's Gone"", 'The Other One', 'Drums', 'Space', 'Standing on the Moon', 'All Along the Watchtower', 'Not Fade Away']",[],"[""Knockin' on Heaven's Door"", 'The Weight']"
07/02/2023,"Folsom Field, Boulder, CO, USA","['Feel Like a Stranger', 'Brown-Eyed Women', 'Samson and Delilah', 'Friend of the Devil', 'It Hurts Me Too', 'Ramble On Rose', 'High Time', 'Let It Grow']","['They Love Each Other', 'China Cat Sunflower', 'I Know You Rider', 'Fire on the Mountain', 'The Other One', 'Drums', 'Space', 'The Eleven', 'U.S. Blues', 'Morning Dew']",[],['Ripple']
07/01/2023,"Folsom Field, Boulder, CO, USA","['Good Times', ""Truckin'"", 'Smokestack Lightning', 'Deal', 'Me and My Uncle', 'Dear Mr. Fantasy', 'Hey Jude', 'Terrapin Station', ""Don't Ease Me In""]","['Eyes of the World', 'Shakedown Street', 'St. Stephen', 'Cumberland Blues', 'Drums', 'Space', 'Milestones', 'Days Between', 'Sugar Magnolia', 'Scarlet Begonias', 'Sunshine Daydream']",[],['Going Down the Road Feeling Bad']
06/27/2023,"Ruoff Music Center, Noblesville, IN, USA","['Bertha', ""Good Lovin'"", 'It Must Have Been the Roses', 'Big River', 'Dark Star', 'Next Time You See Me', 'Mississippi Half-Step Uptown Toodeloo', 'Bird Song', ""Don't Ease Me In""]","['Iko Iko', 'Sugaree', 'China Cat Sunflower', 'I Know You Rider', ""Uncle John's Band"", 'Drums', 'Space', 'Hell in a Bucket', 'Wharf Rat', 'Turn On Your Love Light', 'Touch of Grey']",[],[]
06/25/2023,"Fenway Park, Boston, MA, USA","['Samson and Delilah', 'Cold Rain and Snow', 'Jack Straw', 'Althea', 'Comes a Time', 'Mr. Charlie', ""He's Gone"", 'Going Down the Road Feeling Bad']","['They Love Each Other', 'Playing in the Band', 'Help on the Way', 'Slipknot!', 'Fire on the Mountain', 'Drums', 'Space', 'The Other One', 'Standing on the Moon', 'Not Fade Away']",[],"['The Weight', 'Ripple']"
06/24/2023,"Fenway Park, Boston, MA, USA","['Cassidy', 'Brown-Eyed Women', 'I Need a Miracle', 'Here Comes Sunshine', 'Tennessee Jed', 'China Doll', 'Viola Lee Blues', 'The Music Never Stopped']","['New Speedway Boogie', 'Dark Star', 'The Other One', 'Terrapin Station', 'Drums', 'Space', 'Dark Star on the Big River Jam', 'Black Peter', 'Casey Jones', 'One More Saturday Night']",[],[]
06/22/2023,"Citi Field, Queens, NY, USA","['Feel Like a Stranger', ""Franklin's Tower"", 'Mama Tried', 'Alabama Getaway', 'Dear Mr. Fantasy', 'Hey Jude', ""Truckin'"", 'Deal']","['Scarlet Begonias', 'Fire on the Mountain', 'Estimated Prophet', 'Eyes of the World', 'Drums', 'Space', 'All Blues', 'Cumberland Blues', 'All Along the Watchtower', 'Morning Dew']",[],['Brokedown Palace']
06/21/2023,"Citi Field, Queens, NY, USA","['Shakedown Street', 'Bertha', 'Ramble On Rose', 'It Hurts Me Too', 'Dancing in the Street', 'Althea', 'Let It Grow']","['China Cat Sunflower', 'I Know You Rider', 'St. Stephen', ""Uncle John's Band"", 'Drums', 'Space', 'The Eleven', 'Stella Blue', 'U.S. Blues', 'Black Muddy River']",[],[]
06/18/2023,"Saratoga Performing Arts Center, Saratoga Springs, NY, USA","['Hell in a Bucket', 'Sugaree', 'Mississippi Half-Step Uptown Toodeloo', 'Mr. Charlie', 'Friend of the Devil', 'Lost Sailor', 'Saint of Circumstance', 'Big Railroad Blues']","['Samson and Delilah', 'Playing in the Band', 'Help on the Way', 'Slipknot!', ""Franklin's Tower"", 'Drums', 'Space', ""Death Don't Have No Mercy"", 'Throwing Stones', 'Sugar Magnolia']",[],['Werewolves of London']
06/17/2023,"Saratoga Performing Arts Center, Saratoga Springs, NY, USA","['Good Times', 'Scarlet Begonias', 'Deal', 'Black-Throated Wind', 'Dire Wolf', 'Bird Song', 'Going Down the Road Feeling Bad']","['They Love Each Other', 'Terrapin Station', ""He's Gone"", 'The Other One', 'Drums', 'Space', 'Days Between', 'Turn On Your Love Light']",[],['One More Saturday Night']
06/15/2023,"Citizens Bank Park, Philadelphia, PA, USA","['Man Smart, Woman Smarter', 'Shakedown Street', 'Cold Rain and Snow', 'Jack Straw', 'Brown-Eyed Women', 'Dark Star', 'El Paso', ""Don't Ease Me In""]","['Fire on the Mountain', 'New Speedway Boogie', 'Estimated Prophet', 'Eyes of the World', 'Drums', 'Space', 'Cumberland Blues', 'Standing on the Moon', 'Not Fade Away']",[],['Ripple']
06/13/2023,"Riverbend Music Center, Cincinnati, OH, USA","['The Music Never Stopped', 'Next Time You See Me', 'Me and My Uncle', 'Row Jimmy', 'Dear Mr. Fantasy', 'Hey Jude', 'Cassidy', 'Iko Iko']","['Here Comes Sunshine', 'Viola Lee Blues', 'Looks Like Rain', 'China Cat Sunflower', 'I Know You Rider', 'Drums', 'Space', 'The Wheel', 'Wharf Rat', 'Casey Jones']",[],['Touch of Grey']
06/10/2023,"Wrigley Field, Chicago, IL, USA","[""Truckin'"", 'Smokestack Lightning', 'Althea', 'Mississippi Half-Step Uptown Toodeloo', 'High Time', 'All Along the Watchtower', 'Bertha', ""Good Lovin'""]","['Help on the Way', 'Slipknot!', ""Franklin's Tower"", 'St. Stephen', 'Drums', 'Space', ""Uncle John's Band"", 'Cumberland Blues', 'The Other One', 'Morning Dew']",[],"['Brokedown Palace', 'Playing in the Band', 'One More Saturday Night']"
06/09/2023,"Wrigley Field, Chicago, IL, USA","['Playing in the Band', 'Deal', 'Tennessee Jed', 'It Hurts Me Too', 'Ramble On Rose', 'Brown-Eyed Women', 'Crazy Fingers', 'Dancing in the Street']","['Sugaree', 'Estimated Prophet', 'The Other One', 'Terrapin Station', 'Drums', 'Space', 'Stella Blue', 'Sugar Magnolia', 'Scarlet Begonias', 'Sunshine Daydream']",[],['U.S. Blues']
06/07/2023,"Hollywood Casino Amphitheatre, Maryland Heights, MO, USA","['Good Times', 'Big River', 'Friend of the Devil', 'They Love Each Other', 'Black-Throated Wind', 'Big Railroad Blues', 'Dark Star', 'Johnny B. Goode']","['Eyes of the World', 'Fire on the Mountain', 'Shakedown Street', 'Drums', 'Space', 'The Eleven', ""Death Don't Have No Mercy"", 'Going Down the Road Feeling Bad']",[],"[""Knockin' on Heaven's Door""]"
06/05/2023,"The Pavilion at Star Lake, Burgettstown, PA, USA","['Hell in a Bucket', 'Alabama Getaway', 'Jack Straw', 'Big Boss Man', 'Peggy-O', 'Bertha', 'Cassidy', ""Don't Ease Me In""]","['Viola Lee Blues', ""Truckin'"", 'China Doll', 'China Cat Sunflower', 'I Know You Rider', 'Drums', 'Space', 'Althea', 'Standing on the Moon', 'Not Fade Away']",[],['The Weight']
06/03/2023,"Jiffy Lube Live, Bristow, VA, USA","['Here Comes Sunshine', 'Mississippi Half-Step Uptown Toodeloo', 'Mr. Charlie', ""He's Gone"", 'Brown-Eyed Women', 'Dear Prudence', 'Turn On Your Love Light']","['Deal', 'Scarlet Begonias', 'Playing in the Band', 'Cumberland Blues', ""Uncle John's Band"", 'Drums', 'Space', 'Milestones', 'Days Between', 'Throwing Stones', 'One More Saturday Night']",[],['Ripple']
06/01/2023,"Coastal Credit Union Music Park at Walnut Creek, Raleigh, NC, USA","['New Speedway Boogie', 'They Love Each Other', 'Mama Tried', 'Easy Wind', 'Ramble On Rose', 'Dear Mr. Fantasy', 'Hey Jude', 'Bird Song']","['Sugaree', 'St. Stephen', 'The Eleven', 'Iko Iko', 'Drums', 'Space', 'I Need a Miracle', 'Wharf Rat', 'Casey Jones']",[],['Black Muddy River']
05/30/2023,"PNC Music Pavilion, Charlotte, NC, USA","['Shakedown Street', 'Cold Rain and Snow', 'Loser', 'Dire Wolf', 'Loose Lucy', 'The Wheel', 'Bertha', 'Let It Grow']","['Help on the Way', 'Slipknot!', ""Franklin's Tower"", 'Fire on the Mountain', 'The Other One', 'Drums', 'Space', 'Black Peter', 'Sugar Magnolia', 'U.S. Blues']",[],[]
05/28/2023,"Cellairis Amphitheatre at Lakewood, Atlanta, GA, USA","['Cassidy', 'Deal', 'Samson and Delilah', 'Friend of the Devil', 'It Hurts Me Too', 'Tennessee Jed', 'If I Had the World to Give', 'Going Down the Road Feeling Bad']","['Althea', 'Estimated Prophet', 'China Cat Sunflower', 'I Know You Rider', 'Eyes of the World', 'Drums', 'Space', 'Terrapin Station', 'Morning Dew']",[],[]
05/26/2023,"Dos Equis Pavilion, Dallas, TX, USA","['Good Times', 'Hell in a Bucket', 'Big Railroad Blues', 'Lost Sailor', 'Saint of Circumstance', 'Ship of Fools', 'Brown-Eyed Women', 'The Music Never Stopped']","['Jack Straw', ""Truckin'"", ""He's Gone"", 'Playing in the Band', ""Uncle John's Band"", 'Drums', 'Space', 'All Along the Watchtower', 'Standing on the Moon', 'Not Fade Away']",[],['Touch of Grey']
05/23/2023,"Talking Stick Resort Amphitheatre, Phoenix, AZ, USA","['Feel Like a Stranger', 'Alabama Getaway', 'Ramble On Rose', 'Dear Mr. Fantasy', 'Hey Jude', 'Dark Star', 'Cumberland Blues', 'Casey Jones']","['Here Comes Sunshine', 'Scarlet Begonias', 'Viola Lee Blues', 'Spanish Jam', 'Fire on the Mountain', 'Drums', 'Space', 'I Need a Miracle', ""Death Don't Have No Mercy"", 'U.S. Blues']",[],['Ripple']
05/20/2023,"Kia Forum, Inglewood, CA, USA","['Bertha', ""Good Lovin'"", 'Brown-Eyed Women', 'Jack Straw', 'High Time', 'Mr. Charlie', 'Bird Song', ""Don't Ease Me In""]","['Althea', 'The Other One', 'Terrapin Station', 'Drums', 'Space', 'Stella Blue', 'Help on the Way', 'Slipknot!', ""Franklin's Tower""]",[],['Brokedown Palace']
05/19/2023,"Kia Forum, Inglewood, CA, USA","['Shakedown Street', 'Cold Rain and Snow', 'Mississippi Half-Step Uptown Toodeloo', 'They Love Each Other', 'St. Stephen', 'The Eleven', 'Deal']","['Sugaree', 'New Speedway Boogie', 'Eyes of the World', 'Estimated Prophet', 'Drums', 'Space', 'The Wheel', 'Wharf Rat', 'Sugar Magnolia']",[],['Black Muddy River']
05/08/2023,"Barton Hall, Cornell University, Ithaca, NY, USA","['Minglewood Blues', 'Althea', 'Estimated Prophet', 'Eyes of the World', 'Jack Straw', 'Bertha', 'Cassidy', 'Deal']","['China Cat Sunflower', 'I Know You Rider', 'Help on the Way', 'Slipknot!', ""Franklin's Tower"", 'Drums', 'Space', 'Scarlet Begonias', 'Fire on the Mountain', 'Morning Dew', 'Terrapin Station']",[],[]
05/06/2023,"Fair Grounds Race Course, New Orleans, LA, USA","['Shakedown Street', 'Brown-Eyed Women', ""He's Gone"", 'Cumberland Blues', 'Playing in the Band', ""Uncle John's Band"", 'Drums', 'Not Fade Away', 'The Other One', 'Standing on the Moon']",[],[],[]
01/17/2023,"Moon Palace The Grand, Cancún, Mexico","['Cold Rain and Snow', 'Cassidy', 'High Time', 'Mississippi Half-Step Uptown Toodeloo', 'Sugaree', 'The Wheel', 'New Speedway Boogie']","['China Cat Sunflower', 'I Know You Rider', ""He's Gone"", 'Help on the Way', 'Slipknot!', ""Franklin's Tower"", 'Drums', 'Space', 'The Other One', 'Standing on the Moon', 'Not Fade Away']",[],"['U.S. Blues', 'Sunshine Daydream', 'Brokedown Palace']"
01/16/2023,"Moon Palace The Grand, Cancún, Mexico","['Scarlet Begonias', 'Bertha', ""Good Lovin'"", 'Mr. Charlie', 'Black-Throated Wind', 'Good Times', 'Dark Star', 'Fire on the Mountain']","['Playing in the Band', 'Brown-Eyed Women', 'Terrapin Station', 'Drums', 'Space', 'Jam', 'Althea', 'All Along the Watchtower', 'Morning Dew']",[],"[""Uncle John's Band""]"
01/14/2023,"Moon Palace The Grand, Cancún, Mexico","['Sugar Magnolia', 'Deal', 'Shakedown Street', 'Ramble On Rose', 'They Love Each Other', 'Tennessee Jed', 'Jack Straw', 'Casey Jones']","['St. Stephen', 'Dear Mr. Fantasy', 'Hey Jude', 'Estimated Prophet', 'Eyes of the World', 'Drums', 'Space', 'Cumberland Blues', 'Stella Blue', 'One More Saturday Night']",[],['Ripple']
07/16/2022,"Citi Field, Queens, NY, USA","['Playing in the Band', ""Uncle John's Band"", 'Dear Mr. Fantasy', 'Hey Jude', 'Ramble On Rose', 'Brown-Eyed Women', 'Jack Straw']","[""Truckin'"", 'Wang Dang Doodle', 'Scarlet Begonias', ""Franklin's Tower"", 'St. Stephen', 'The Eleven', 'Drums', 'Space', 'All Along the Watchtower', 'Morning Dew', 'Deal']",[],[]
07/15/2022,"Citi Field, Queens, NY, USA","['Bertha', 'Mississippi Half-Step Uptown Toodeloo', 'Shakedown Street', 'Sugaree', 'Tennessee Jed', 'Bird Song', ""Don't Ease Me In""]","['Althea', 'Viola Lee Blues', 'Terrapin Station', 'China Cat Sunflower', 'I Know You Rider', 'Drums', 'Space', 'The Other One', 'Standing on the Moon', 'Not Fade Away']",[],['Sugar Magnolia']
07/12/2022,"The Pavilion at Star Lake, Burgettstown, PA, USA","['The Music Never Stopped', 'Dire Wolf', 'Friend of the Devil', 'Foolish Heart', 'They Love Each Other', 'West L.A. Fadeaway', 'Lost Sailor', 'Saint of Circumstance']","['Big Railroad Blues', 'Dark Star', 'El Paso', ""He's Gone"", 'Eyes of the World', 'Drums', 'Space', 'Hell in a Bucket', 'Dear Prudence', 'U.S. Blues']",[],['Ripple']
07/10/2022,"Citizens Bank Park, Philadelphia, PA, USA","[""Truckin'"", 'All Along the Watchtower', 'Here Comes Sunshine', 'Looks Like Rain', 'Brown-Eyed Women', 'Estimated Prophet', 'Deal']","['Samson and Delilah', 'Help on the Way', 'Slipknot!', 'China Cat Sunflower', 'I Know You Rider', 'Drums', 'Space', 'Cumberland Blues', 'Days Between', ""Franklin's Tower""]",[],"['Brokedown Palace', 'Casey Jones']"
07/08/2022,"Jiffy Lube Live, Bristow, VA, USA","['Man Smart, Woman Smarter', 'New Speedway Boogie', 'It Hurts Me Too', 'Peggy-O', 'Cold Rain and Snow', 'China Doll', 'Throwing Stones', ""Don't Ease Me In""]","['Sugaree', 'Playing in the Band', ""Uncle John's Band"", 'Terrapin Station', 'Drums', 'Space', 'Going Down the Road Feeling Bad', 'Stella Blue', 'Turn On Your Love Light']",[],['Black Muddy River']
07/05/2022,"XFINITY Theatre, Hartford, CT, USA","['The Music Never Stopped', 'Liberty', 'They Love Each Other', 'Loser', 'Alabama Getaway', 'Iko Iko', 'High Time', 'Cassidy']","['Jack Straw', 'Scarlet Begonias', 'Viola Lee Blues', 'Fire on the Mountain', 'The Other One', 'Drums', 'Space', 'The Wheel', 'Black Peter', 'Sugar Magnolia']",[],[]
07/02/2022,"Gillette Stadium, Foxborough, MA, USA","['Cumberland Blues', 'Bertha']","[""Good Lovin'"", 'Crazy Fingers', 'Mr. Charlie', 'St. Stephen', 'The Eleven', 'Brown-Eyed Women', 'Estimated Prophet', 'Eyes of the World', 'Drums', 'Space', 'Dear Mr. Fantasy', 'Hey Jude', 'Morning Dew']",[],"[""Knockin' on Heaven's Door"", 'One More Saturday Night']"
07/01/2022,"Bethel Woods Center for the Arts, Bethel, NY, USA","['Deal', 'Shakedown Street', 'Big Boss Man', 'It Must Have Been the Roses', 'Me and My Uncle', 'Mama Tried', 'If I Had the World to Give', 'Let It Grow']","['Good Times', 'Dark Star', 'Help on the Way', 'Slipknot!', ""Franklin's Tower"", 'Drums', 'Space', 'Althea', ""Death Don't Have No Mercy"", 'Not Fade Away']",[],['Sing Me Back Home']
06/29/2022,"Pine Knob Music Theatre, Clarkston, MI, USA","['Mississippi Half-Step Uptown Toodeloo', 'Feel Like a Stranger', 'Cold Rain and Snow', 'Minglewood Blues', 'China Doll', 'Jack Straw', 'Big River', 'Bird Song']","['Here Comes Sunshine', 'Playing in the Band', ""Uncle John's Band"", 'Supplication', 'China Cat Sunflower', 'I Know You Rider', 'Drums', 'Space', 'A Love Supreme', 'Wharf Rat', 'U.S. Blues']",[],['Ripple']
06/28/2022,"Ruoff Home Mortgage Music Center, Noblesville, IN, USA","['Viola Lee Blues', 'Loose Lucy', 'Row Jimmy', 'Friend of the Devil', 'They Love Each Other', 'Foolish Heart', 'The Other One', ""Don't Ease Me In""]","['Lost Sailor', 'Saint of Circumstance', ""He's Gone"", 'Terrapin Station', 'Drums', 'Space', 'All Along the Watchtower', 'Standing on the Moon', 'Turn On Your Love Light', 'The Weight']",[],[]
06/25/2022,"Wrigley Field, Chicago, IL, USA","['Scarlet Begonias', 'The Wheel', 'New Speedway Boogie', 'Big Railroad Blues', 'Dancing in the Street', 'Tennessee Jed', 'Sugaree']","['Casey Jones', 'Ramble On Rose', 'Help on the Way', 'Slipknot!', ""Franklin's Tower"", 'Drums', 'Space', 'Days Between', 'Fire on the Mountain', 'One More Saturday Night']",[],"['Brokedown Palace', 'Touch of Grey']"
06/24/2022,"Wrigley Field, Chicago, IL, USA","['Man Smart, Woman Smarter', 'Eyes of the World', 'Bertha', 'Next Time You See Me', 'Dark Star', 'Dear Mr. Fantasy', 'Hey Jude', 'Althea']","['Throwing Stones', 'Brown-Eyed Women', 'Estimated Prophet', 'Sing Me Back Home', ""Truckin'"", 'Drums', 'Space', 'All Blues', 'Cumberland Blues', 'Stella Blue', 'Not Fade Away']",[],[]
06/22/2022,"Riverbend Music Center, Cincinnati, OH, USA","['Good Times', 'Cold Rain and Snow', 'Iko Iko', 'Ship of Fools', 'Big River', 'Here Comes Sunshine', 'Cassidy']","['Deal', 'Looks Like Rain', 'St. Stephen', 'The Eleven', 'Shakedown Street', 'Drums', 'Space', 'I Need a Miracle', ""Death Don't Have No Mercy"", 'Sugar Magnolia', 'Black Muddy River']",[],[]
06/21/2022,"Hollywood Casino Amphitheatre, Maryland Heights, MO, USA","['The Music Never Stopped', 'Alabama Getaway', 'Mississippi Half-Step Uptown Toodeloo', 'Jack Straw', 'Easy Wind', 'Black-Throated Wind', 'Bird Song']","['Box of Rain', 'Scarlet Begonias', 'Playing in the Band', ""Uncle John's Band"", 'Fire on the Mountain', 'Drums', 'Space', 'Spanish Jam', 'Hell in a Bucket', 'Black Peter', 'U.S. Blues']",[],['Ripple']
06/18/2022,"Folsom Field, Boulder, CO, USA","['China Cat Sunflower', 'I Know You Rider', ""He's Gone"", 'Brown-Eyed Women', 'Foolish Heart', 'It Hurts Me Too', 'Lost Sailor', 'Saint of Circumstance']","['Dear Mr. Fantasy', 'Hey Jude', 'Help on the Way', 'Slipknot!', ""Franklin's Tower"", 'Drums', 'Space', 'Milestones', 'All Along the Watchtower', 'Going Down the Road Feeling Bad', 'Morning Dew']",[],"['Terrapin Station', 'One More Saturday Night']"
06/17/2022,"Folsom Field, Boulder, CO, USA","['Bertha', ""Good Lovin'"", 'New Speedway Boogie', 'Smokestack Lightning', 'Mr. Charlie', 'Ramble On Rose', 'They Love Each Other', 'High Time', 'Let It Grow']","['Sugaree', ""Truckin'"", 'Viola Lee Blues', 'Althea', 'The Other One', 'Drums', 'Space', 'Wharf Rat', 'Turn On Your Love Light']",[],['Casey Jones']
06/14/2022,"Shoreline Amphitheatre, Mountain View, CA, USA","['Cassidy', 'Bird Song', 'Dire Wolf', 'When I Paint My Masterpiece', 'Tennessee Jed', 'Here Comes Sunshine', 'U.S. Blues']","['Cold Rain and Snow', 'Estimated Prophet', 'Eyes of the World', 'Terrapin Station', 'Drums', 'Space', 'The Wheel', 'Standing on the Moon', 'Not Fade Away']",[],['Brokedown Palace']
06/13/2022,"Shoreline Amphitheatre, Mountain View, CA, USA","['St. Stephen', 'The Eleven', 'Shakedown Street', 'Big Railroad Blues', 'Friend of the Devil', 'Crazy Fingers', ""Don't Ease Me In""]","['Deal', 'Dark Star', 'El Paso', 'Sing Me Back Home', ""Uncle John's Band"", 'Drums', 'Space', 'Cumberland Blues', ""Death Don't Have No Mercy"", 'Sugar Magnolia']",[],['Ripple']
06/11/2022,"Dodger Stadium, Los Angeles, CA, USA","['Good Times', 'Playing in the Band', 'Feel Like a Stranger', 'China Doll', 'Brown-Eyed Women', 'Jack Straw', 'Casey Jones']","['Althea', 'Scarlet Begonias', 'China Cat Sunflower', 'I Know You Rider', 'Fire on the Mountain', 'Drums', 'Space', 'Dear Mr. Fantasy', 'Hey Jude', 'Stella Blue', 'One More Saturday Night']",[],['Werewolves of London']
10/31/2021,"Hollywood Bowl, Los Angeles, CA, USA","['Samson and Delilah', ""Uncle John's Band"", 'Brown-Eyed Women', 'Touch of Grey', 'Dire Wolf', 'Hell in a Bucket', 'Terrapin Station']","['Althea', 'Dark Star', 'El Paso', 'Eyes of the World', 'Drums', 'Space', 'Scarlet Begonias', 'Fire on the Mountain', 'Morning Dew', 'Not Fade Away']",[],['Brokedown Palace']
10/30/2021,"Hollywood Bowl, Los Angeles, CA, USA","['Good Times', 'Shakedown Street', 'Bertha', 'Minglewood Blues', 'It Hurts Me Too', 'Tennessee Jed', 'Bird Song']","['Jack Straw', 'Sugaree', 'China Cat Sunflower', 'I Know You Rider', 'Drums', 'Space', 'Throwing Stones', 'Days Between', 'One More Saturday Night', 'Not Fade Away']",[],['U.S. Blues']
10/29/2021,"Hollywood Bowl, Los Angeles, CA, USA","['Playing in the Band', 'Deal', 'All Along the Watchtower', 'Mr. Charlie', 'Ramble On Rose', 'They Love Each Other', 'High Time']","['Sugar Magnolia', 'Help on the Way', 'Slipknot!', ""Franklin's Tower"", 'Estimated Prophet', 'Drums', 'Space', 'The Other One', 'Standing on the Moon', 'Sunshine Daydream']",[],['Ripple']
10/27/2021,"North Island Credit Union Amphitheatre, Chula Vista, CA, USA","['The Music Never Stopped', 'Easy Answers', 'Row Jimmy', 'Friend of the Devil', 'Cumberland Blues', 'Cassidy', 'Mississippi Half-Step Uptown Toodeloo']","['St. Stephen', 'The Eleven', ""He's Gone"", 'New Speedway Boogie', 'Drums', 'Space', 'I Need a Miracle', ""Death Don't Have No Mercy"", ""Good Lovin'""]",[],['Black Muddy River']
10/25/2021,"Ak-Chin Pavilion, Phoenix, AZ, USA","['Cold Rain and Snow', 'Loser', 'Dire Wolf', 'Lost Sailor', 'Saint of Circumstance', 'Big Railroad Blues', 'China Doll', 'Let It Grow']","['Jack Straw', 'Althea', 'Scarlet Begonias', 'Touch of Grey', 'Fire on the Mountain', 'Drums', 'Space', 'Casey Jones', 'Black Peter', 'U.S. Blues']",[],"[""Knockin' on Heaven's Door""]"
10/23/2021,"Fiddler's Green Amphitheatre, Greenwood Village, CO, USA","['Iko Iko', 'Shakedown Street', 'Ship of Fools', 'Brown-Eyed Women', 'Crazy Fingers', 'Here Comes Sunshine', 'Going Down the Road Feeling Bad']","[""Truckin'"", 'Viola Lee Blues', 'Help on the Way', 'Slipknot!', ""Franklin's Tower"", 'Drums', 'Space', 'Cumberland Blues', 'Stella Blue', 'One More Saturday Night']",[],['Brokedown Palace']
10/22/2021,"Fiddler's Green Amphitheatre, Greenwood Village, CO, USA","['Good Times', 'Feel Like a Stranger', 'Alabama Getaway', 'Me and My Uncle', 'It Hurts Me Too', 'Ramble On Rose', 'If I Had the World to Give', 'Deal']","['Sugaree', 'China Cat Sunflower', 'I Know You Rider', 'Dark Star', 'The Other One', 'Drums', 'Space', 'Wharf Rat', 'Sugar Magnolia']",[],['The Weight']
10/20/2021,"Red Rocks Amphitheatre, Morrison, CO, USA","['Bertha', ""Good Lovin'"", 'The Wheel', 'Black-Throated Wind', 'Mr. Charlie', 'Hell in a Bucket', 'Bird Song']","['Playing in the Band', ""He's Gone"", ""Uncle John's Band"", 'Terrapin Station', 'Drums', 'Space', 'All Along the Watchtower', 'Standing on the Moon', 'Not Fade Away']",[],['Ripple']
10/19/2021,"Red Rocks Amphitheatre, Morrison, CO, USA","['Not Fade Away', 'New Speedway Boogie', 'Big Railroad Blues', 'Tennessee Jed', 'Friend of the Devil', 'They Love Each Other', 'Dear Prudence', ""Don't Ease Me In""]","['Scarlet Begonias', 'Estimated Prophet', 'Eyes of the World', 'Fire on the Mountain', 'Drums', 'Space', 'Turn On Your Love Light', 'Morning Dew', 'Casey Jones']",[],['Althea']
10/15/2021,"Cynthia Woods Mitchell Pavilion, The Woodlands, TX, USA","['The Music Never Stopped', 'Easy Answers', 'Dire Wolf', 'El Paso', 'Row Jimmy', 'Jack Straw', 'Mississippi Half-Step Uptown Toodeloo']","['Here Comes Sunshine', ""Truckin'"", 'St. Stephen', 'The Eleven', 'Drums', 'Space', 'Milestones', 'Days Between', 'U.S. Blues']",[],['Black Muddy River']
10/14/2021,"Dos Equis Pavilion, Dallas, TX, USA","['Man Smart, Woman Smarter', 'Bertha', 'Queen Jane Approximately', 'Brown-Eyed Women', 'Peggy-O', 'Cassidy', 'Sugaree']","['Deep Elem Blues', 'Help on the Way', 'Slipknot!', ""Franklin's Tower"", 'The Other One', 'Drums', 'Space', 'Cumberland Blues', ""Death Don't Have No Mercy"", 'Sugar Magnolia']",[],['Liberty']
10/12/2021,"Cellairis Amphitheatre at Lakewood, Atlanta, GA, USA","['Shakedown Street', 'Cold Rain and Snow', 'Ramble On Rose', 'They Love Each Other', 'High Time', 'Let It Grow', 'Deal']","['Playing in the Band', 'Crazy Fingers', 'Althea', 'China Cat Sunflower', 'I Know You Rider', 'Drums', 'Space', 'The Wheel', 'Stella Blue']",[],[]
10/11/2021,"PNC Music Pavilion, Charlotte, NC, USA","['Good Times', 'Cassidy', 'Tennessee Jed', 'It Must Have Been the Roses', 'Mr. Charlie', 'Looks Like Rain', 'Bird Song']","['Scarlet Begonias', ""Uncle John's Band"", 'Fire on the Mountain', 'Terrapin Station', 'Drums', 'Space', 'New Speedway Boogie', 'Black Peter', 'Casey Jones']",[],['Ripple']
09/18/2021,"Wrigley Field, Chicago, IL, USA","['Althea', ""Uncle John's Band"", ""He's Gone"", 'Brown-Eyed Women', 'The Little Red Rooster', 'Jack Straw', 'One More Saturday Night']","['China Cat Sunflower', 'I Know You Rider', 'Estimated Prophet', 'Eyes of the World', 'Drums', 'Space', 'Milestones', 'Days Between', 'Help on the Way', 'Slipknot!', ""Franklin's Tower""]",[],"['Brokedown Palace', 'Touch of Grey']"
09/17/2021,"Wrigley Field, Chicago, IL, USA","['Good Times', 'Mississippi Half-Step Uptown Toodeloo', 'Bertha', 'Ramble On Rose']","['Dancing in the Street', 'Playing in the Band', 'Scarlet Begonias', 'Deal', 'Fire on the Mountain', 'Drums', 'Space', 'All Along the Watchtower', 'Morning Dew', 'Not Fade Away']",[],['Ripple']
09/15/2021,"Ruoff Home Mortgage Music Center, Noblesville, IN, USA","['Feel Like a Stranger', 'They Love Each Other', 'Me and My Uncle', 'Brown-Eyed Women', 'If I Had the World to Give', 'Dire Wolf', ""A Hard Rain's A-Gonna Fall"", 'Big Railroad Blues']","['Sugaree', 'Dark Star', 'St. Stephen', 'The Eleven', 'Drums', 'Space', 'Casey Jones', ""Death Don't Have No Mercy"", 'Turn On Your Love Light', 'Black Muddy River']",[],[]
09/13/2021,"Hollywood Casino Amphitheatre, Maryland Heights, MO, USA","['Iko Iko', 'Cold Rain and Snow', 'Ship of Fools', 'Big River', 'It Hurts Me Too', 'Black-Throated Wind', 'Jack Straw', 'U.S. Blues']","['Bertha', ""Good Lovin'"", 'China Doll', 'Shakedown Street', 'Terrapin Station', 'Drums', 'Space', 'Wharf Rat', 'Sugar Magnolia']",[],['Johnny B. Goode']
09/11/2021,"Riverbend Music Center, Cincinnati, OH, USA","['The Music Never Stopped', 'Easy Answers', 'Tennessee Jed', 'Here Comes Sunshine', 'Loose Lucy', 'Mr. Charlie', 'Looks Like Rain', 'Going Down the Road Feeling Bad']","['Happy Birthday to You', 'The Other One', ""Uncle John's Band"", 'Help on the Way', 'Slipknot!', ""Franklin's Tower"", 'Drums', 'Space', 'Cumberland Blues', 'Stella Blue', 'One More Saturday Night']",[],['Touch of Grey']
09/10/2021,"Pine Knob Music Theatre, Clarkston, MI, USA","['Hell in a Bucket', 'Alabama Getaway', 'Friend of the Devil', 'Row Jimmy', 'New Speedway Boogie', 'Dear Prudence', ""Don't Ease Me In""]","['Deal', 'Comes a Time', 'Estimated Prophet', 'China Cat Sunflower', 'I Know You Rider', 'Drums', 'Space', 'I Need a Miracle', 'Black Peter', 'Casey Jones']",[],['The Weight']
09/07/2021,"Blossom Music Center, Cuyahoga Falls, OH, USA","['Good Times', 'Feel Like a Stranger', 'Next Time You See Me', 'Loser', 'They Love Each Other', 'Cassidy', 'Bird Song']","['Althea', 'Scarlet Begonias', 'Viola Lee Blues', 'Fire on the Mountain', 'Eyes of the World', 'Drums', 'Space', 'Standing on the Moon', 'Not Fade Away']",[],['Brokedown Palace']
09/05/2021,"XFINITY Theatre, Hartford, CT, USA","['Shakedown Street', 'Samson and Delilah', ""He's Gone"", 'Big Railroad Blues', 'Lost Sailor', 'Saint of Circumstance', ""Franklin's Tower""]","['China Cat Sunflower', 'I Know You Rider', 'St. Stephen', 'The Eleven', 'Drums', 'Space', 'All Along the Watchtower', 'Wharf Rat', 'Playing in the Band']",[],['Werewolves of London']
09/03/2021,"Xfinity Center, Mansfield, MA, USA","['Mississippi Half-Step Uptown Toodeloo', 'Cold Rain and Snow', 'Minglewood Blues', 'When I Paint My Masterpiece', 'Dire Wolf', 'Jack Straw', 'Sugaree']","['New Speedway Boogie', 'Bertha', ""Truckin'"", 'Dark Star', 'Terrapin Station', 'Drums', 'Space', 'The Other One', 'Morning Dew']",[],['U.S. Blues']
09/02/2021,"Xfinity Center, Mansfield, MA, USA","['Playing in the Band', 'The Wheel', 'Iko Iko', 'It Hurts Me Too', 'Ramble On Rose', 'Brown-Eyed Women', 'Let It Grow']","['Deal', 'Dark Star', 'El Paso', ""Uncle John's Band"", 'Drums', 'Space', 'Casey Jones', 'Stella Blue', 'Sugar Magnolia']",[],['Ripple']
08/28/2021,"Hersheypark Stadium, Hershey, PA, USA","['The Music Never Stopped', 'Easy Answers', 'Touch of Grey', 'Tennessee Jed', 'Mr. Charlie', 'Black-Throated Wind', 'Cassidy', ""Don't Ease Me In""]","['Here Comes Sunshine', 'Estimated Prophet', 'Eyes of the World', 'Althea', 'Drums', 'Space', 'Milestones', 'Going Down the Road Feeling Bad', ""Death Don't Have No Mercy"", 'One More Saturday Night', 'Quinn the Eskimo (The Mighty Quinn)']",[],[]
08/27/2021,"Saratoga Performing Arts Center, Saratoga Springs, NY, USA","['Shakedown Street', 'Bertha', 'Peggy-O', 'Me and My Uncle', 'They Love Each Other', 'West L.A. Fadeaway', 'Bird Song']","['Good Times', 'Scarlet Begonias', 'Help on the Way', 'Slipknot!', 'Fire on the Mountain', 'Drums', 'Space', 'Cumberland Blues', 'Days Between', 'Not Fade Away']",[],['Black Muddy River']
08/25/2021,"Darien Lake Performing Arts Center, Darien Center, NY, USA","['Viola Lee Blues', 'Cold Rain and Snow', 'Feel Like a Stranger', 'Ship of Fools', 'Friend of the Devil', 'Loose Lucy', 'New Speedway Boogie']","[""Truckin'"", 'Playing in the Band', 'China Cat Sunflower', 'I Know You Rider', 'The Last Time', 'Drums', 'Space', ""Uncle John's Band"", 'Wharf Rat']",[],"[""Knockin' on Heaven's Door""]"
08/23/2021,"Bethel Woods Center for the Arts, Bethel, NY, USA","['Hell in a Bucket', 'Easy Wind', 'Loser', 'Brown-Eyed Women', 'Throwing Stones', 'Row Jimmy', 'Lost Sailor', 'Saint of Circumstance']","['St. Stephen', 'Mama Tried', 'Dark Star', 'High Time', 'Turn On Your Love Light', 'Drums', 'Space', 'Deal', 'Standing on the Moon']",[],['Ripple']
08/21/2021,"Citizens Bank Park, Philadelphia, PA, USA","['Alabama Getaway', 'Jack Straw', ""Franklin's Tower"", 'Estimated Prophet', 'Sugaree', 'Terrapin Station', 'The Other One', 'Drums', 'Space', 'The Wheel', 'Morning Dew']",[],[],"['One More Saturday Night', 'Brokedown Palace']"
08/20/2021,"Citi Field, Queens, NY, USA","['Good Times', 'Bertha', ""Good Lovin'"", 'Big Railroad Blues', 'Ramble On Rose', 'They Love Each Other', 'Cassidy', 'Casey Jones']","['Eyes of the World', ""Uncle John's Band"", 'China Doll', 'China Cat Sunflower', 'I Know You Rider', 'Drums', 'Space', 'Spanish Jam', 'Althea', 'Stella Blue', 'U.S. Blues']",[],['The Weight']
08/18/2021,"Jiffy Lube Live, Bristow, VA, USA","['Cold Rain and Snow', 'Feel Like a Stranger', 'Mr. Charlie', 'Friend of the Devil', 'Dire Wolf', 'Liberty', 'Bird Song', ""Don't Ease Me In""]","['Here Comes Sunshine', 'Cumberland Blues', ""He's Gone"", 'Scarlet Begonias', 'Fire on the Mountain', 'Drums', 'Space', 'Black Peter', 'Sugar Magnolia']",[],['Black Muddy River']
08/16/2021,"Coastal Credit Union Music Park at Walnut Creek, Raleigh, NC, USA","['Touch of Grey', 'Shakedown Street', 'Deal', 'Tennessee Jed', 'Brown-Eyed Women', 'New Speedway Boogie']","['Playing in the Band', 'A Love Supreme', ""Truckin'"", 'Spoonful', 'Help on the Way', 'Slipknot!', ""Franklin's Tower"", 'Drums', 'Space', 'The Wheel', ""Death Don't Have No Mercy"", 'Not Fade Away']",[],[]
01/19/2020,"Moon Palace The Grand, Cancún, Mexico","['Playing in the Band', ""Uncle John's Band"", 'Dark Star', 'They Love Each Other', 'Me and My Uncle', 'Samson and Delilah', 'Terrapin Station']","['Scarlet Begonias', 'Fire on the Mountain', ""He's Gone"", 'China Cat Sunflower', 'I Know You Rider', 'Drums', 'Space', 'Althea', 'Days Between', 'U.S. Blues']",[],"['Ripple', 'Not Fade Away']"
01/18/2020,"Moon Palace The Grand, Cancún, Mexico","['Bertha', ""Good Lovin'"", 'Shakedown Street', 'High Time', 'Cold Rain and Snow', 'Black-Throated Wind', 'Sugaree', 'Quinn the Eskimo (The Mighty Quinn)']","['Help on the Way', 'Slipknot!', 'St. Stephen', 'The Eleven', 'Drums', 'Space', 'Spanish Jam', 'New Speedway Boogie', 'Stella Blue', ""Franklin's Tower""]",[],['One More Saturday Night']
01/16/2020,"Moon Palace The Grand, Cancún, Mexico","['Not Fade Away', 'Hell in a Bucket', 'Row Jimmy', 'Peggy-O', 'Brown-Eyed Women', 'Ramble On Rose', 'Bird Song', 'Let It Grow']","['Deal', 'Dark Star', 'Estimated Prophet', 'Eyes of the World', 'Drums', 'Space', 'The Wheel', 'Standing on the Moon', 'Casey Jones']",[],['The Weight']
12/31/2019,"Chase Center, San Francisco, CA, USA","['In the Midnight Hour', 'Big Railroad Blues', 'Iko Iko', 'Mr. Charlie', 'Loser', 'Tennessee Jed', 'Sugaree', 'New Speedway Boogie']","['Help on the Way', 'Slipknot!', ""Franklin's Tower"", 'Estimated Prophet', 'Eyes of the World', 'Drums', 'Space', 'Milestones', 'Standing on the Moon', 'Not Fade Away']","['Sugar Magnolia', ""Uncle John's Band"", 'Scarlet Begonias', 'Fire on the Mountain', 'Sunshine Daydream']",['Touch of Grey']
12/30/2019,"Chase Center, San Francisco, CA, USA","['Shakedown Street', 'Mississippi Half-Step Uptown Toodeloo', 'Cumberland Blues', 'It Hurts Me Too', 'High Time', 'Cold Rain and Snow', 'Bird Song']","['The Music Never Stopped', 'Deal', 'St. Stephen', 'The Eleven', 'Turn On Your Love Light', 'Drums', 'Space', 'The Wheel', 'Stella Blue', 'Casey Jones']",[],['Quinn the Eskimo (The Mighty Quinn)']
12/28/2019,"The Forum, Inglewood, CA, USA","['Viola Lee Blues', 'Bertha', 'Jack Straw', 'Big Boss Man', 'Friend of the Devil', 'West L.A. Fadeaway', 'Lost Sailor', 'Saint of Circumstance']","['Viola Lee Blues', 'China Cat Sunflower', 'I Know You Rider', 'Dark Star', ""He's Gone"", 'Drums', 'Space', 'Althea', 'Morning Dew', 'One More Saturday Night']",[],['The Weight']
12/27/2019,"The Forum, Inglewood, CA, USA","[""Truckin'"", 'Alabama Getaway', 'Ramble On Rose', 'They Love Each Other', 'Me and My Uncle', 'Cassidy', 'Brown-Eyed Women', ""Don't Ease Me In""]","['Playing in the Band', 'Terrapin Station', 'China Doll', 'The Other One', 'Drums', 'Space', 'Wharf Rat', 'U.S. Blues']",[],['Ripple']
11/09/2019,"Hampton Coliseum, Hampton, VA, USA","[""Truckin'"", 'Big Railroad Blues', ""He's Gone"", 'Tennessee Jed', 'Friend of the Devil', 'Bird Song', 'One More Saturday Night']","['Playing in the Band', ""Franklin's Tower"", 'Scarlet Begonias', 'Fire on the Mountain', 'Drums', 'Space', 'Milestones', ""Uncle John's Band"", 'Black Peter', 'Sugar Magnolia']",[],['Ripple']
11/08/2019,"Hampton Coliseum, Hampton, VA, USA","['Bertha', ""Good Lovin'"", 'Shakedown Street', 'They Love Each Other', 'Black-Throated Wind', 'Mr. Charlie', 'Mississippi Half-Step Uptown Toodeloo', 'Throwing Stones']","['Althea', 'Estimated Prophet', 'Eyes of the World', 'Terrapin Station', 'Drums', 'Space', 'My Favorite Things', 'Days Between', 'China Cat Sunflower', 'I Know You Rider']",[],['Touch of Grey']
11/06/2019,"Nassau Veterans Memorial Coliseum, Uniondale, NY, USA","['Feel Like a Stranger', 'New Speedway Boogie', 'Dire Wolf', 'When I Paint My Masterpiece', 'Sugaree', 'Cassidy', 'The Music Never Stopped']","['Help on the Way', 'Slipknot!', ""Franklin's Tower"", 'Dark Star', 'A Love Supreme', 'Drums', 'Space', 'The Other One', 'Wharf Rat', 'Turn On Your Love Light']",[],"[""Knockin' on Heaven's Door""]"
11/05/2019,"Nassau Veterans Memorial Coliseum, Uniondale, NY, USA","['Jack Straw', 'Deal', 'Peggy-O', 'Brown-Eyed Women', 'Looks Like Rain', 'Easy Wind', 'Cumberland Blues', 'Casey Jones']","['Here Comes Sunshine', 'St. Stephen', 'The Eleven', 'Comes a Time', 'Going Down the Road Feeling Bad', 'Drums', 'Space', 'The Other One', 'Stella Blue', 'Not Fade Away']",[],['U.S. Blues']
11/01/2019,"Madison Square Garden, New York, NY, USA","['Cold Rain and Snow', 'Hell in a Bucket', 'Row Jimmy', 'Ramble On Rose', 'Mississippi Half-Step Uptown Toodeloo', 'Mr. Charlie', 'Friend of the Devil', 'Bird Song']","['Scarlet Begonias', 'Fire on the Mountain', ""He's Gone"", 'Smokestack Lightning', 'China Cat Sunflower', 'I Know You Rider', 'Drums', 'Space', 'Althea', 'Morning Dew']",[],"['The Weight', 'Brokedown Palace']"
10/31/2019,"Madison Square Garden, New York, NY, USA","['Ripple', 'Shakedown Street', 'Bertha', 'Loser', 'They Love Each Other', 'Tennessee Jed', 'Terrapin Station']","['Playing in the Band', ""Truckin'"", ""Uncle John's Band"", 'China Doll', 'Eyes of the World', 'Drums', 'Space', 'The Wheel', 'Standing on the Moon', 'Sugar Magnolia']",[],['Werewolves of London']
07/06/2019,"Folsom Field, Boulder, CO, USA","['Scarlet Begonias', 'Fire on the Mountain', 'Brown-Eyed Women', 'Loser', 'They Love Each Other', 'Bird Song', 'New Speedway Boogie', ""Don't Ease Me In""]","['Playing in the Band', 'Estimated Prophet', ""Franklin's Tower"", 'Eyes of the World', 'Standing on the Moon', 'Drums', 'Space', 'Althea', 'Days Between', 'Not Fade Away']",[],"['Ripple', 'Brokedown Palace']"
07/05/2019,"Folsom Field, Boulder, CO, USA","['Not Fade Away', 'Cold Rain and Snow']","['Bertha', 'Me and My Uncle', 'Ramble On Rose', 'Mississippi Half-Step Uptown Toodeloo', 'Cassidy', 'Deal', 'Box of Rain', 'China Cat Sunflower', 'I Know You Rider', 'Terrapin Station', 'Drums', 'Space', 'Casey Jones', 'The Other One', 'Morning Dew']",[],"['The Weight', 'U.S. Blues']"
07/02/2019,"Dos Equis Pavilion, Dallas, TX, USA","['Bertha', 'Minglewood Blues', 'Row Jimmy', 'Deep Elem Blues', 'Friend of the Devil', 'El Paso', 'Sugaree', 'Jack Straw']","['Shakedown Street', ""Uncle John's Band"", 'St. Stephen', 'The Eleven', 'Drums', 'Space', 'Black Peter', ""Good Lovin'""]",[],['Black Muddy River']
06/29/2019,"Cellairis Amphitheatre at Lakewood, Atlanta, GA, USA","['Scarlet Begonias', 'The Music Never Stopped', 'Alabama Getaway', 'Big River', 'West L.A. Fadeaway', 'Tennessee Jed', 'Bird Song', 'Loose Lucy']","['The Other One', ""Franklin's Tower"", 'Crazy Fingers', 'Terrapin Station', 'Drums', 'Space', 'Althea', 'Standing on the Moon', 'One More Saturday Night']",[],['Fire on the Mountain']
06/28/2019,"PNC Music Pavilion, Charlotte, NC, USA","[""Truckin'"", 'Mississippi Half-Step Uptown Toodeloo', 'They Love Each Other', 'Brown-Eyed Women', 'To Lay Me Down', 'Mr. Charlie', 'Cassidy', 'Casey Jones']","['Deal', 'Dark Star', 'Estimated Prophet', 'Eyes of the World', 'Drums', 'Space', 'Wharf Rat', 'Sugar Magnolia']",[],['Touch of Grey']
06/26/2019,"Jiffy Lube Live, Bristow, VA, USA","['Shakedown Street', 'Dire Wolf', 'Hell in a Bucket', 'Bertha', 'Friend of the Devil', 'Peggy-O', 'Cumberland Blues', 'Throwing Stones']","['Here Comes Sunshine', 'Playing in the Band', 'China Doll', 'China Cat Sunflower', 'I Know You Rider', 'Drums', 'Space', 'New Speedway Boogie', ""A Hard Rain's A-Gonna Fall"", 'U.S. Blues']",[],['Ripple']
06/23/2019,"Citi Field, Queens, NY, USA","['St. Stephen', 'Cold Rain and Snow', 'Samson and Delilah', 'High Time', 'They Love Each Other', 'Ramble On Rose', 'Sugaree', 'Jack Straw']","['Terrapin Station', 'Althea', 'Scarlet Begonias', 'Fire on the Mountain', 'Drums', 'Space', 'The Wheel', 'The Other One', 'Morning Dew']",[],['Brokedown Palace']
06/22/2019,"Gillette Stadium, Foxborough, MA, USA","['Eyes of the World', 'Deal', 'Black-Throated Wind', 'Easy Wind', 'Loser', 'Big Railroad Blues', 'Bird Song', 'Box of Rain']","['Help on the Way', 'Slipknot!', ""Franklin's Tower"", ""He's Gone"", 'Dark Star', 'Drums', 'Space', 'Stella Blue', 'Not Fade Away', 'Going Down the Road Feeling Bad']",[],['The Weight']
06/20/2019,"BB&T Pavilion, Camden, NJ, USA","['The Music Never Stopped', 'Dancing in the Street', 'Row Jimmy', 'Tennessee Jed', 'If I Had the World to Give', 'Brown-Eyed Women', 'Lost Sailor', 'Saint of Circumstance']","['A Love Supreme', ""Truckin'"", 'Estimated Prophet', 'Ship of Fools', 'China Cat Sunflower', 'I Know You Rider', 'Drums', 'Space', 'Throwing Stones', 'Black Peter', ""Good Lovin'""]",[],['Touch of Grey']
06/18/2019,"Saratoga Performing Arts Center, Saratoga Springs, NY, USA","['Feel Like a Stranger', 'Hell in a Bucket', 'Alabama Getaway', 'When I Paint My Masterpiece', 'It Must Have Been the Roses', 'Cumberland Blues', 'Cassidy', 'U.S. Blues']","['Here Comes Sunshine', 'Shakedown Street', 'Wharf Rat', 'Playing in the Band', ""Uncle John's Band"", 'Drums', 'Space', 'Viola Lee Blues', 'Dear Prudence', 'Casey Jones']",[],['In the Midnight Hour']
06/15/2019,"Wrigley Field, Chicago, IL, USA","['Terrapin Station', 'Sugar Magnolia', 'Mr. Charlie', 'High Time', 'Friend of the Devil', 'Bertha', 'Mama Tried', 'Turn On Your Love Light']","['Spanish Jam', 'Scarlet Begonias', 'New Speedway Boogie', 'Help on the Way', 'Slipknot!', ""Franklin's Tower"", 'Drums', 'Space', 'The Other One', 'Standing on the Moon', 'Sunshine Daydream']",[],"['Ripple', 'One More Saturday Night']"
06/14/2019,"Wrigley Field, Chicago, IL, USA","['The Other One', 'Mississippi Half-Step Uptown Toodeloo', 'To Lay Me Down', 'Brown-Eyed Women', 'Ramble On Rose', 'It Hurts Me Too', 'Bird Song', 'Jack Straw']","['China Cat Sunflower', 'I Know You Rider', 'Althea', 'St. Stephen', 'The Eleven', 'Drums', 'Space', 'Days Between', 'Not Fade Away']",[],"[""Knockin' on Heaven's Door""]"
06/12/2019,"Ruoff Home Mortgage Music Center, Noblesville, IN, USA","['Cold Rain and Snow', 'Iko Iko', 'Minglewood Blues', 'Tennessee Jed', 'Sugaree', 'Looks Like Rain', 'Row Jimmy', 'Let It Grow']","['Fire on the Mountain', 'Lost Sailor', 'Saint of Circumstance', ""He's Gone"", ""Truckin'"", 'Smokestack Lightning', 'Drums', 'Space', 'All Along the Watchtower', 'Stella Blue', 'Going Down the Road Feeling Bad']",[],['Black Muddy River']
06/08/2019,"The Gorge Amphitheatre, George, WA, USA","['Bertha', 'Me and My Uncle', 'They Love Each Other', 'I Need a Miracle', 'Comes a Time', 'Throwing Stones', 'Terrapin Station']","['Playing in the Band', ""Uncle John's Band"", 'Deal', 'Viola Lee Blues', 'Drums', 'Space', 'The Wheel', ""A Hard Rain's A-Gonna Fall"", 'One More Saturday Night']",[],['Touch of Grey']
06/07/2019,"The Gorge Amphitheatre, George, WA, USA","['Feel Like a Stranger', 'Cumberland Blues', 'Dire Wolf', 'Loser', 'Loose Lucy', 'It Must Have Been the Roses', 'The Music Never Stopped']","['Here Comes Sunshine', 'Dark Star', 'Scarlet Begonias', 'China Doll', 'Eyes of the World', 'Drums', 'Space', 'Black Peter', 'Casey Jones']",[],['Ripple']
06/04/2019,"Hollywood Bowl, Los Angeles, CA, USA","['A Love Supreme', 'Shakedown Street', 'Friend of the Devil', 'Alabama Getaway', 'Ramble On Rose', 'Brown-Eyed Women', 'Cassidy', 'Fire on the Mountain']","['Estimated Prophet', ""Truckin'"", ""He's Gone"", 'St. Stephen', 'Turn On Your Love Light', 'Drums', 'Space', 'Standing on the Moon', 'U.S. Blues']",[],['Brokedown Palace']
06/03/2019,"Hollywood Bowl, Los Angeles, CA, USA","['Cold Rain and Snow', 'Hell in a Bucket', 'Easy Wind', 'Mississippi Half-Step Uptown Toodeloo', 'High Time', 'Jack Straw', 'Bird Song', ""Don't Ease Me In""]","['Iko Iko', 'New Speedway Boogie', 'Sugaree', 'Help on the Way', 'Slipknot!', ""Franklin's Tower"", 'Drums', 'Space', 'Stella Blue', 'Not Fade Away']",[],['Terrapin Station']
06/01/2019,"Shoreline Amphitheatre, Mountain View, CA, USA","['Bertha', ""Good Lovin'"", 'They Love Each Other', 'Big River', 'Mr. Charlie', 'Tennessee Jed', 'Lost Sailor', 'Saint of Circumstance']","['China Cat Sunflower', 'I Know You Rider', 'Row Jimmy', 'Deal', 'The Other One', 'Drums', 'Space', 'My Favorite Things', 'Morning Dew']",[],"[""Uncle John's Band"", 'Playing in the Band']"
05/31/2019,"Shoreline Amphitheatre, Mountain View, CA, USA","['Playing in the Band', 'Shakedown Street', 'Brown-Eyed Women', 'Mama Tried', 'Peggy-O', 'It Hurts Me Too', 'Black-Throated Wind', 'Casey Jones']","['Scarlet Begonias', 'Fire on the Mountain', 'Althea', 'Estimated Prophet', 'Eyes of the World', 'Drums', 'Space', 'The Wheel', 'Wharf Rat', 'Sugar Magnolia']",[],['The Weight']
01/20/2019,"The Barceló, Riviera Maya, Mexico","['Sugar Magnolia', 'Bertha', ""Good Lovin'"", 'Brown-Eyed Women', 'Loser', 'Sugaree', 'U.S. Blues', 'Sunshine Daydream']","['Scarlet Begonias', 'Fire on the Mountain', 'Dark Star', 'Althea', 'Playing in the Band', 'Drums', 'Space', 'The Other One', 'Standing on the Moon', 'Casey Jones']",[],"['Eyes of the World', 'Werewolves of London']"
01/19/2019,"The Barceló, Riviera Maya, Mexico","['Deal', 'Hell in a Bucket', 'Cold Rain and Snow', 'Ramble On Rose', 'Alabama Getaway', 'Peggy-O', 'China Doll', 'One More Saturday Night']","['Estimated Prophet', ""He's Gone"", 'St. Stephen', 'The Eleven', 'Drums', 'Space', ""Uncle John's Band"", 'Morning Dew']",[],['Turn On Your Love Light']
01/17/2019,"The Barceló, Riviera Maya, Mexico","['Shakedown Street', 'Mr. Charlie', 'Jack Straw', 'Friend of the Devil', 'Here Comes Sunshine', 'New Speedway Boogie', 'Bird Song']","['China Cat Sunflower', 'Cumberland Blues', 'I Know You Rider', 'Terrapin Station', 'Drums', 'Space', 'Stella Blue', 'Help on the Way', 'Slipknot!', ""Franklin's Tower""]",[],['Ripple']
08/26/2018,"Infinity Downs Farm, Arrington, VA, USA","['Playing in the Band', ""Uncle John's Band"", 'Loser', 'Mr. Charlie', 'Tennessee Jed', 'Althea', 'Sugar Magnolia']","['Shakedown Street', 'Bird Song', 'Eyes of the World', 'Terrapin Station', 'Drums', 'Space', 'Morning Dew', 'Not Fade Away']",[],"['Brokedown Palace', 'U.S. Blues', 'Ripple']"
08/25/2018,"Infinity Downs Farm, Arrington, VA, USA","['Hell in a Bucket', 'Scarlet Begonias', 'Brown-Eyed Women', 'Ramble On Rose', 'Alabama Getaway', 'Cassidy', 'Deal']","['Help on the Way', 'Slipknot!', 'Fire on the Mountain', 'China Cat Sunflower', 'I Know You Rider', 'Drums', 'Space', 'The Other One', 'Wharf Rat', ""Franklin's Tower""]",[],"['The Weight', 'One More Saturday Night']"
07/14/2018,"Folsom Field, Boulder, CO, USA","['China Cat Sunflower', 'I Know You Rider', 'Shakedown Street', 'Brown-Eyed Women', 'Althea', 'Cassidy', 'One More Saturday Night']","['Scarlet Begonias', ""Franklin's Tower"", 'Fire on the Mountain', ""He's Gone"", 'The Other One', 'Drums', 'Space', 'Days Between', 'Sugar Magnolia']",[],"[""Uncle John's Band"", 'Ripple']"
07/13/2018,"Folsom Field, Boulder, CO, USA","['Iko Iko', 'Cold Rain and Snow', 'Black-Throated Wind', 'Bertha', 'Greatest Story Ever Told', 'Comes a Time', 'Lost Sailor', 'Saint of Circumstance', 'Deal']","['The Weight', 'Terrapin Station', 'St. Stephen', 'The Eleven', 'Drums', 'Space', 'All Along the Watchtower', 'Black Peter', 'Throwing Stones']",[],"['Liberty', 'U.S. Blues']"
07/11/2018,"Isleta Amphitheater, Albuquerque, NM, USA","['Mississippi Half-Step Uptown Toodeloo', 'Crazy Fingers', 'Dire Wolf', 'Big River', 'They Love Each Other', 'West L.A. Fadeaway', 'The Music Never Stopped', 'Easy Answers']","['Here Comes Sunshine', ""Uncle John's Band"", 'Looks Like Rain', 'Help on the Way', 'Slipknot!', ""Franklin's Tower"", 'Drums', 'Space', 'The Wheel', ""A Hard Rain's A-Gonna Fall"", ""Good Lovin'""]",[],['Johnny B. Goode']
07/08/2018,"Private Venue, Los Angeles, CA, USA","['Samson and Delilah', 'Brown-Eyed Women', 'When I Paint My Masterpiece', ""Franklin's Tower"", 'Shakedown Street', 'Touch of Grey']",[],[],[]
07/07/2018,"Dodger Stadium, Los Angeles, CA, USA","['Playing in the Band', 'Bertha', 'Jack Straw', 'Big Railroad Blues', 'Peggy-O', 'Ramble On Rose', 'Cumberland Blues', 'Deal']","['Sugar Magnolia', 'Scarlet Begonias', 'Fire on the Mountain', 'Althea', 'Eyes of the World', 'Drums', 'Space', 'Stella Blue', 'Sunshine Daydream']",[],"['Brokedown Palace', 'Not Fade Away']"
07/06/2018,"Mattress Firm Amphitheatre, Chula Vista, CA, USA","['Hell in a Bucket', 'Big Boss Man', 'Tennessee Jed', 'Row Jimmy', 'Friend of the Devil', 'Bird Song', 'Loose Lucy', 'Bird Song']","['Mr. Charlie', ""Truckin'"", 'New Speedway Boogie', 'Estimated Prophet', 'Shakedown Street', 'Drums', 'Space', 'I Need a Miracle', 'Dear Prudence', 'U.S. Blues']",[],"[""Knockin' on Heaven's Door""]"
07/03/2018,"Shoreline Amphitheatre, Mountain View, CA, USA","['Iko Iko', 'Alabama Getaway', 'Minglewood Blues', 'Brown-Eyed Women', 'Cassidy', 'Ship of Fools', 'Let It Grow']","['China Cat Sunflower', 'Althea', 'Viola Lee Blues', 'I Know You Rider', 'Drums', 'Space', 'The Other One', 'Days Between', 'Casey Jones']",[],['Ripple']
07/02/2018,"Shoreline Amphitheatre, Mountain View, CA, USA","['Feel Like a Stranger', 'Dancing in the Street', 'It Hurts Me Too', 'If I Had the World to Give', 'Corrina', 'They Love Each Other', 'Throwing Stones']","['Lost Sailor', 'Saint of Circumstance', ""He's Gone"", 'Help on the Way', 'Slipknot!', ""Franklin's Tower"", 'Drums', 'Space', 'The Other One', 'Wharf Rat', 'Not Fade Away']",[],['Touch of Grey']
06/30/2018,"Autzen Stadium, Eugene, OR, USA","['Deal', 'Me and My Uncle', 'Here Comes Sunshine', 'Black-Throated Wind', 'Cold Rain and Snow', 'Peggy-O', 'Sugaree', 'One More Saturday Night']","['Dark Star', 'El Paso', 'St. Stephen', 'The Eleven', 'Drums', 'Space', 'Morning Dew', 'Turn On Your Love Light']",[],['Brokedown Palace']
06/29/2018,"The Gorge Amphitheatre, George, WA, USA","['Mississippi Half-Step Uptown Toodeloo', 'Bertha', 'Tennessee Jed', 'Mr. Charlie', 'Loser', 'Crazy Fingers', 'Cumberland Blues']","['Playing in the Band', 'Eyes of the World', 'Comes a Time', 'Terrapin Station', 'Drums', 'Space', 'New Speedway Boogie', 'Black Peter']",[],['U.S. Blues']
06/23/2018,"Alpine Valley Music Theatre, East Troy, WI, USA","['The Music Never Stopped', 'Easy Answers', 'Alabama Getaway', 'Big River', 'Jack Straw', 'Black Muddy River', 'Friend of the Devil', 'Bird Song']","['The Weight', 'Shakedown Street', 'Althea', 'China Cat Sunflower', 'I Know You Rider', 'Drums', 'Space', 'All Along the Watchtower', 'Standing on the Moon', 'Sugar Magnolia']",[],['One More Saturday Night']
06/22/2018,"Alpine Valley Music Theatre, East Troy, WI, USA","['Hell in a Bucket', 'Brown-Eyed Women', 'Greatest Story Ever Told', 'Deep Elem Blues', 'Even So', 'Ramble On Rose', 'Cassidy', 'Touch of Grey']","['Viola Lee Blues', 'Estimated Prophet', ""Uncle John's Band"", 'China Doll', 'Drums', 'Space', 'The Wheel', ""A Hard Rain's A-Gonna Fall"", 'Going Down the Road Feeling Bad']",[],['Ripple']
06/20/2018,"Blossom Music Center, Cuyahoga Falls, OH, USA","['Feel Like a Stranger', 'They Love Each Other', ""It's All Over Now"", 'Row Jimmy', 'West L.A. Fadeaway', 'Loose Lucy', 'Ship of Fools', 'Passenger']","['Lost Sailor', 'Saint of Circumstance', ""He's Gone"", 'Scarlet Begonias', 'Fire on the Mountain', 'Drums', 'Space', 'I Need a Miracle', 'Dear Prudence', 'Throwing Stones']",[],"[""Knockin' on Heaven's Door""]"
06/19/2018,"Darien Lake Performing Arts Center, Darien Center, NY, USA","['Cold Rain and Snow', 'Tennessee Jed', 'Dire Wolf', 'Queen Jane Approximately', 'If I Had the World to Give', 'Here Comes Sunshine', 'The Little Red Rooster', 'Let It Grow']","['Iko Iko', 'Dark Star', ""Truckin'"", 'Smokestack Lightning', 'Deal', 'Drums', 'Space', 'Wharf Rat', 'Casey Jones']",[],['Werewolves of London']
06/16/2018,"Citi Field, Queens, NY, USA","['Sugar Magnolia', 'Mississippi Half-Step Uptown Toodeloo', 'Peggy-O', 'Bertha', 'Comes a Time', 'Jack-A-Roe', 'Bird Song', 'New Speedway Boogie']","['Help on the Way', 'Slipknot!', ""Franklin's Tower"", 'St. Stephen', 'The Eleven', 'Drums', 'Space', 'Eyes of the World', 'Stella Blue', 'Sunshine Daydream']",[],['One More Saturday Night']
06/15/2018,"Citi Field, Queens, NY, USA","['Shakedown Street', 'Alabama Getaway', 'Loser', 'It Hurts Me Too', 'Me and My Uncle', 'Sugaree', 'The Music Never Stopped', 'Easy Answers']","['A Love Supreme', 'The Other One', 'Estimated Prophet', 'Althea', 'Terrapin Station', 'Drums', 'Space', 'Days Between', 'U.S. Blues']",[],['Going Down the Road Feeling Bad']
06/13/2018,"XFINITY Theatre, Hartford, CT, USA","['Hell in a Bucket', 'Next Time You See Me', 'Ramble On Rose', 'When I Paint My Masterpiece', 'Cumberland Blues', 'Black Muddy River', ""Don't Ease Me In""]","['Feel Like a Stranger', 'Viola Lee Blues', 'China Cat Sunflower', 'I Know You Rider', 'Man Smart, Woman Smarter', 'Drums', 'Space', 'Looks Like Rain', 'Not Fade Away']",[],['Brokedown Palace']
06/11/2018,"Saratoga Performing Arts Center, Saratoga Springs, NY, USA","['Jack Straw', 'Easy Wind', 'Friend of the Devil', 'Minglewood Blues', 'Ship of Fools', 'Corrina', 'Cassidy']","['The Weight', ""Truckin'"", ""He's Gone"", 'New Speedway Boogie', ""Uncle John's Band"", 'Drums', 'Space', 'Black Peter', ""Good Lovin'""]",[],['Touch of Grey']
06/09/2018,"Coastal Credit Union Music Park at Walnut Creek, Raleigh, NC, USA","['Cold Rain and Snow', 'Greatest Story Ever Told', 'Peggy-O', 'Mexicali Blues', 'Tennessee Jed', 'Bird Song', 'Bertha', 'Bird Song']","['Throwing Stones', 'Deal', 'Estimated Prophet', 'Playing in the Band', 'Drums', 'Space', 'The Wheel', 'Dear Prudence', 'One More Saturday Night']",[],['Ripple']
06/08/2018,"Cellairis Amphitheatre at Lakewood, Atlanta, GA, USA","['Iko Iko', 'I Need a Miracle', 'Alabama Getaway', 'Black-Throated Wind', 'West L.A. Fadeaway', 'Brown-Eyed Women', 'Lost Sailor', 'Saint of Circumstance']","['Here Comes Sunshine', 'Eyes of the World', 'Althea', 'Scarlet Begonias', 'Fire on the Mountain', 'Drums', 'Space', 'All Along the Watchtower', 'Morning Dew']",[],['Johnny B. Goode']
06/06/2018,"Ruoff Home Mortgage Music Center, Noblesville, IN, USA","['The Other One', 'Dire Wolf', 'Feel Like a Stranger', 'Row Jimmy', 'Mississippi Half-Step Uptown Toodeloo', 'Comes a Time', 'Viola Lee Blues']","['Help on the Way', 'Slipknot!', ""Franklin's Tower"", 'Terrapin Station', 'Drums', 'Space', 'Standing on the Moon', 'Sugar Magnolia']",[],['Casey Jones']
06/04/2018,"Riverbend Music Center, Cincinnati, OH, USA","[""Truckin'"", 'Big River', 'They Love Each Other', 'Friend of the Devil', 'If I Had the World to Give', 'Sugaree', 'New Speedway Boogie']","['Deal', ""He's Gone"", 'China Cat Sunflower', 'I Know You Rider', 'Drums', 'Space', ""A Hard Rain's A-Gonna Fall"", 'Going Down the Road Feeling Bad', 'U.S. Blues']",[],"[""Knockin' on Heaven's Door""]"
06/02/2018,"BB&T Pavilion, Camden, NJ, USA","['Hell in a Bucket', 'It Hurts Me Too', 'Cumberland Blues', 'Ship of Fools', 'Ramble On Rose', 'The Weight', 'The Music Never Stopped', 'Easy Answers']","['Playing in the Band', ""Uncle John's Band""]",[],[]
06/01/2018,"BB&T Pavilion, Camden, NJ, USA","['Jack Straw', 'Cold Rain and Snow', 'Deep Elem Blues', 'Jack-A-Roe', 'Loser', 'Bertha', 'Cassidy']","['Not Fade Away', 'Dark Star', 'St. Stephen', 'Black Muddy River', 'Drums', 'Space', 'The Wheel', 'Wharf Rat']",[],['Ripple']
05/30/2018,"Xfinity Center, Mansfield, MA, USA","['Shakedown Street', 'Alabama Getaway', ""It's All Over Now"", 'Brown-Eyed Women', 'Tennessee Jed', 'Bird Song', 'Loose Lucy']","['Scarlet Begonias', 'Fire on the Mountain', 'Althea', 'Estimated Prophet', 'Eyes of the World', 'Drums', 'Space', 'Stella Blue', 'Touch of Grey']",[],[]
02/27/2018,"Amway Center, Orlando, FL, USA","['St. Stephen', 'Hell in a Bucket', 'Next Time You See Me', 'Ramble On Rose', 'Row Jimmy', 'Loose Lucy', 'Brown-Eyed Women', 'The Wheel']","['China Cat Sunflower', 'I Know You Rider', 'Althea', 'Estimated Prophet', 'Terrapin Station', 'Drums', 'Space', 'Wharf Rat', 'Casey Jones']",[],['U.S. Blues']
02/26/2018,"BB&T Center, Sunrise, FL, USA","['Shakedown Street', 'Cassidy', 'Comes a Time', 'They Love Each Other', 'Bird Song', 'New Speedway Boogie', 'Deal']","['The Weight', 'Help on the Way', 'Slipknot!', 'Eyes of the World', 'Dark Star', 'Drums', 'Space', 'Days Between', 'Throwing Stones']",[],['Touch of Grey']
02/24/2018,"Smoothie King Center, New Orleans, LA, USA","['Feel Like a Stranger', 'The Music Never Stopped', 'Cold Rain and Snow', 'Peggy-O', 'Friend of the Devil', 'Smokestack Lightning', 'Bertha', 'Sugaree']","['Scarlet Begonias', 'Fire on the Mountain', ""Truckin'"", 'Ship of Fools', ""Uncle John's Band"", 'Drums', 'Space', 'Stella Blue', 'One More Saturday Night']",[],['Werewolves of London']
02/18/2018,"The Barceló, Riviera Maya, Mexico","['Samson and Delilah', 'Mississippi Half-Step Uptown Toodeloo', 'They Love Each Other', 'Greatest Story Ever Told', 'If I Had the World to Give', 'Ramble On Rose', 'Bird Song']","['St. Stephen', ""Franklin's Tower"", 'U.S. Blues', 'Terrapin Station', 'Drums', 'Space', 'The Other One', 'Morning Dew', 'Not Fade Away']",[],"['Brokedown Palace', 'Playing in the Band']"
02/17/2018,"The Barceló, Riviera Maya, Mexico","['Shakedown Street', 'Cold Rain and Snow', 'Loser', 'Jack Straw', 'Easy Wind', 'Tennessee Jed', 'Sugaree', 'Ripple']","['Viola Lee Blues', 'China Cat Sunflower', 'I Know You Rider', 'Comes a Time', 'Deal', 'Drums', 'Space', 'Standing on the Moon', 'The Wheel', 'Sugar Magnolia']",[],['One More Saturday Night']
02/15/2018,"The Barceló, Riviera Maya, Mexico","['Playing in the Band', 'Me and My Uncle', ""He's Gone"", 'Cassidy', 'Brown-Eyed Women', 'Bertha', ""Good Lovin'"", 'La bamba']","['Scarlet Begonias', 'Fire on the Mountain', 'Althea', 'Estimated Prophet', 'Eyes of the World', 'Drums', 'Space', 'Looks Like Rain', 'I Need a Miracle', 'Casey Jones']",[],['The Weight']
12/02/2017,"Frank Erwin Center, Austin, TX, USA","['Jack Straw', 'Cold Rain and Snow', 'Minglewood Blues', 'Next Time You See Me', 'Ramble On Rose', 'If I Had the World to Give', 'Sugaree']","['China Cat Sunflower', 'I Know You Rider', 'Dark Star', 'The Other One', 'Drums', 'Space', ""Uncle John's Band"", 'St. Stephen', 'Morning Dew']",[],['One More Saturday Night']
12/01/2017,"American Airlines Center, Dallas, TX, USA","['Shakedown Street', 'Brown-Eyed Women', 'Deep Elem Blues', 'Friend of the Devil', 'El Paso', 'They Love Each Other', 'The Music Never Stopped', 'Easy Answers']","['Here Comes Sunshine', 'Scarlet Begonias', 'Fire on the Mountain', 'Eyes of the World', 'Drums', 'Space', 'Dear Prudence', 'The Wheel', 'Casey Jones']",[],"[""Knockin' on Heaven's Door""]"
11/29/2017,"Philips Arena, Atlanta, GA, USA","[""Truckin'"", 'Smokestack Lightning', 'Feel Like a Stranger', 'Dire Wolf', 'Loser', 'Cassidy', 'Bird Song', 'Deal']","['Help on the Way', 'Slipknot!', ""Franklin's Tower"", 'Comes a Time', 'Viola Lee Blues', 'Drums', 'Space', 'Wharf Rat', 'Throwing Stones', 'U.S. Blues']",[],['Brokedown Palace']
11/28/2017,"Spectrum Center, Charlotte, NC, USA","['Hell in a Bucket', 'Bertha', 'Peggy-O', 'When I Paint My Masterpiece', 'Greatest Story Ever Told', 'Ship of Fools', 'Mississippi Half-Step Uptown Toodeloo', 'Let It Grow']","['The Weight', 'Playing in the Band', ""Uncle John's Band"", 'Terrapin Station', 'Drums', 'Space', 'Standing on the Moon', 'I Need a Miracle', 'Going Down the Road Feeling Bad']",[],['Black Muddy River']
11/25/2017,"Nationwide Arena, Columbus, OH, USA","['Cold Rain and Snow', 'The Music Never Stopped', 'Row Jimmy', 'Me and My Uncle', 'Cumberland Blues', 'Althea', 'One More Saturday Night']","['St. Stephen', ""He's Gone"", 'China Cat Sunflower', 'If I Had the World to Give', 'I Know You Rider', 'Drums', 'Space', 'Stella Blue', 'All Along the Watchtower', 'Sugar Magnolia']",[],['Ripple']
11/24/2017,"Little Caesars Arena, Detroit, MI, USA","['Dancing in the Street', 'Jack Straw', 'Brown-Eyed Women', 'Ramble On Rose', 'Deep Elem Blues', 'Beat It on Down the Line', 'Sugaree']","['New Speedway Boogie', 'Dark Star', 'Scarlet Begonias', 'Fire on the Mountain', 'Drums', 'Space', ""A Hard Rain's A-Gonna Fall"", 'The Wheel', 'Not Fade Away']",[],['Casey Jones']
11/22/2017,"XL Center, Hartford, CT, USA","['Iko Iko', 'Shakedown Street', 'They Love Each Other', 'Loose Lucy', 'Friend of the Devil', 'Bird Song']","['Estimated Prophet', 'Eyes of the World', 'China Doll', 'The Other One', 'Drums', 'Space', 'Spanish Jam', 'Black Peter', ""Uncle John's Band"", 'U.S. Blues']",[],"[""Knockin' on Heaven's Door""]"
11/21/2017,"Capital One Arena, Washington, DC, USA","['Feel Like a Stranger', 'Bertha', 'Black-Throated Wind', 'Tennessee Jed', 'Ship of Fools', 'Cassidy', 'Deal']","['Help on the Way', 'Slipknot!', ""Franklin's Tower"", 'Looks Like Rain', 'Terrapin Station', 'Drums', 'Space', 'Days Between', 'Throwing Stones']",[],['Touch of Grey']
11/19/2017,"TD Garden, Boston, MA, USA","['Samson and Delilah', 'Dire Wolf', 'Cold Rain and Snow', 'Loser', 'Corrina', 'Here Comes Sunshine', 'Greatest Story Ever Told']","['China Cat Sunflower', 'I Know You Rider', 'Comes a Time', 'Playing in the Band', 'Drums', 'Space', 'Morning Dew', 'I Need a Miracle', 'Casey Jones']",[],['Brokedown Palace']
11/17/2017,"TD Garden, Boston, MA, USA","['Jack Straw', 'New Speedway Boogie', 'Althea', 'Mississippi Half-Step Uptown Toodeloo', 'Big River', 'Sugaree', 'The Music Never Stopped']","['Scarlet Begonias', 'Fire on the Mountain', ""He's Gone"", 'Viola Lee Blues', 'Drums', 'Space', 'Milestones', 'Wharf Rat', 'The Wheel', 'Sugar Magnolia']",[],['Ripple']
11/16/2017,"Wells Fargo Center, Philadelphia, PA, USA","['Dancing in the Street', 'Ramble On Rose', 'Row Jimmy', 'Friend of the Devil', 'Minglewood Blues', 'West L.A. Fadeaway', 'Let It Grow']","['Dark Star', ""Truckin'"", 'Smokestack Lightning', 'Deal', 'Eyes of the World', 'Drums', 'Space', 'Dear Prudence', ""Uncle John's Band"", 'Going Down the Road Feeling Bad']",[],['Black Muddy River']
11/14/2017,"Madison Square Garden, New York, NY, USA","['Hell in a Bucket', 'Cold Rain and Snow', 'Me and My Uncle', 'Brown-Eyed Women', 'Tennessee Jed', 'Bird Song', 'Man Smart, Woman Smarter']","['Help on the Way', 'Slipknot!', ""Franklin's Tower"", 'China Doll', 'Estimated Prophet', 'Drums', 'Space', 'A Love Supreme', 'Stella Blue', 'St. Stephen', 'Not Fade Away']",[],['U.S. Blues']
11/13/2017,"Late Show With Stephen Colbert, New York, NY, USA","[""Uncle John's Band""]",[],[],[]
11/12/2017,"Madison Square Garden, New York, NY, USA","['Shakedown Street', 'Greatest Story Ever Told', 'Bertha', 'Cassidy', 'Beat It on Down the Line', 'They Love Each Other', 'Cumberland Blues']","['China Cat Sunflower', 'I Know You Rider', 'Ship of Fools', 'Terrapin Station', 'Drums', 'Space', 'Standing on the Moon', 'The Other One', 'Casey Jones']",[],"['Samson and Delilah', 'Werewolves of London']"
11/09/2017,"AT&T Park, San Francisco, CA, USA","['Deal', 'Scarlet Begonias', 'Fire on the Mountain', 'Not Fade Away', 'Touch of Grey']",[],[],[]
07/01/2017,"Wrigley Field, Chicago, IL, USA","['Cold Rain and Snow', 'Jack Straw', 'Tennessee Jed', 'Ship of Fools', 'Dark Star', 'Friend of the Devil', 'Althea', 'Casey Jones']","['Sugar Magnolia', 'Dancing in the Street', 'Playing in the Band', 'Comes a Time', 'Scarlet Begonias', 'Fire on the Mountain', 'Drums', 'Space', 'The Other One', 'Days Between', 'Not Fade Away']",[],"['Brokedown Palace', 'Sunshine Daydream']"
06/30/2017,"Wrigley Field, Chicago, IL, USA","['The Music Never Stopped', 'Bertha', 'Me and My Uncle', 'Sugaree', 'Let It Grow', ""Uncle John's Band""]","['Shakedown Street', 'Dark Star', 'St. Stephen', 'China Doll', 'Terrapin Station', 'Drums', 'Space', 'Standing on the Moon', 'Help on the Way', 'Slipknot!', ""Franklin's Tower""]",[],"['Ripple', 'U.S. Blues']"
06/28/2017,"Blossom Music Center, Cuyahoga Falls, OH, USA","['Hell in a Bucket', 'Mississippi Half-Step Uptown Toodeloo', 'Black-Throated Wind', 'Row Jimmy', 'Big River', 'Cassidy', 'Big Railroad Blues']","['China Cat Sunflower', 'I Know You Rider', ""He's Gone"", ""Truckin'"", 'Drums', 'Space', 'I Need a Miracle', 'Wharf Rat', ""Good Lovin'""]",[],['Black Muddy River']
06/25/2017,"BB&T Pavilion, Camden, NJ, USA","['Feel Like a Stranger', 'Brown-Eyed Women', 'Ramble On Rose', 'They Love Each Other', 'The Little Red Rooster', 'Big Boss Man', 'Cumberland Blues', 'Casey Jones']","['Iko Iko', 'Deal', 'Help on the Way', 'Slipknot!', ""Franklin's Tower"", 'Drums', 'Space', 'The Wheel', 'Stella Blue', 'Sugar Magnolia']",[],['Brokedown Palace']
06/24/2017,"Citi Field, Queens, NY, USA","['Dancing in the Street', 'Jack Straw', 'Here Comes Sunshine', 'Tennessee Jed', 'Cold Rain and Snow', 'Bird Song', 'One More Saturday Night']","['Scarlet Begonias', 'Viola Lee Blues', 'Estimated Prophet', 'Comes a Time', 'Eyes of the World', 'Drums', 'Space', 'The Other One', 'Morning Dew']",[],"['Touch of Grey', 'Johnny B. Goode']"
06/22/2017,"Jiffy Lube Live, Bristow, VA, USA","['Shakedown Street', ""Uncle John's Band"", 'Minglewood Blues', 'Althea', 'Peggy-O', 'Bertha', 'Man Smart, Woman Smarter']","['Playing in the Band', 'New Speedway Boogie', ""He's Gone"", 'Fire on the Mountain', 'Drums', 'Space', ""A Hard Rain's A-Gonna Fall"", 'Throwing Stones', 'U.S. Blues']",[],['Liberty']
06/20/2017,"Saratoga Performing Arts Center, Saratoga Springs, NY, USA","['Hell in a Bucket', 'Next Time You See Me', 'Loose Lucy', 'Mississippi Half-Step Uptown Toodeloo', 'Looks Like Rain', 'Dire Wolf', 'Lost Sailor', 'Saint of Circumstance']","['China Cat Sunflower', 'Deal', 'China Doll', 'Terrapin Station', 'Drums', 'Space', 'All Along the Watchtower', 'Black Peter', 'I Know You Rider']",[],['Going Down the Road Feeling Bad']
06/18/2017,"Fenway Park, Boston, MA, USA","['Samson and Delilah', 'Brown-Eyed Women', 'Big River', 'Candyman', 'Let It Grow', 'Friend of the Devil', 'Dark Star', 'Ripple']","[""Truckin'"", 'Fire on the Mountain', 'St. Stephen', 'Drums', 'Space', 'Days Between', 'Not Fade Away']",[],['Brokedown Palace']
06/17/2017,"Fenway Park, Boston, MA, USA","['The Music Never Stopped', 'Cold Rain and Snow', 'Me and My Uncle', 'Big Boss Man', 'Ramble On Rose', 'Sugaree', 'Passenger']","['Dancing in the Street', 'Help on the Way', 'Slipknot!', 'Estimated Prophet', 'Eyes of the World', 'Drums', 'Space', 'I Need a Miracle', 'Standing on the Moon', ""Franklin's Tower""]",[],"['Black Muddy River', 'One More Saturday Night']"
06/15/2017,"KeyBank Pavilion, Burgettstown, PA, USA","['Feel Like a Stranger', 'Easy Wind', 'Cassidy', 'West L.A. Fadeaway', 'Row Jimmy', 'Cumberland Blues', 'Throwing Stones']","['Jack Straw', 'Viola Lee Blues', ""He's Gone"", 'The Wheel', 'The Other One', 'Drums', 'Space', 'Wharf Rat', 'Casey Jones']",[],['Liberty']
06/13/2017,"Lakewood Amphitheatre, Atlanta, GA, USA","['Scarlet Begonias', 'Shakedown Street', 'Dire Wolf', 'Tennessee Jed', 'They Love Each Other', 'Black-Throated Wind', 'Mississippi Half-Step Uptown Toodeloo']","['Here Comes Sunshine', 'Playing in the Band', ""Uncle John's Band"", 'Terrapin Station', 'Drums', 'Space', 'Milestones', 'Days Between', 'Sugar Magnolia']",[],"[""Knockin' on Heaven's Door""]"
06/10/2017,"Folsom Field, Boulder, CO, USA","[""Truckin'"", 'Smokestack Lightning', 'Spoonful', 'Bertha', 'Ramble On Rose', 'Friend of the Devil', 'Loser', 'Brown-Eyed Women', 'Turn On Your Love Light']","['Help on the Way', 'Slipknot!', ""Franklin's Tower"", 'China Doll', 'Dark Star', 'Drums', 'Space', 'Stella Blue', 'China Cat Sunflower', 'I Know You Rider']",[],['One More Saturday Night']
06/09/2017,"Folsom Field, Boulder, CO, USA","['Dancing in the Street', 'Cold Rain and Snow', 'Hell in a Bucket', 'Big River', 'Althea', 'New Speedway Boogie', 'The Music Never Stopped', 'Ripple']","['St. Stephen', 'Estimated Prophet', 'Eyes of the World', 'Deal', 'Let It Grow', 'Drums', 'Space', 'The Other One', 'Morning Dew']",[],['Touch of Grey']
06/07/2017,"USANA Amphitheatre, West Valley City, UT, USA","['Feel Like a Stranger', 'I Need a Miracle', 'Wang Dang Doodle', 'Row Jimmy', 'When I Paint My Masterpiece', 'Jack Straw', 'Big Boss Man', 'Sugaree', 'Promised Land']","['Lost Sailor', 'Saint of Circumstance', ""He's Gone"", 'Crazy Fingers', 'Shakedown Street', 'Drums', 'Space', 'Standing on the Moon', 'Going Down the Road Feeling Bad']",[],['U.S. Blues']
06/04/2017,"Shoreline Amphitheatre, Mountain View, CA, USA","['Samson and Delilah', 'Brown-Eyed Women', 'El Paso', 'They Love Each Other', 'Cassidy', 'Bird Song', ""Don't Ease Me In""]","['Help on the Way', 'Slipknot!', ""Franklin's Tower"", 'Scarlet Begonias', 'Fire on the Mountain', 'Drums', 'Space', 'The Other One', ""A Hard Rain's A-Gonna Fall"", 'Casey Jones']",[],['Brokedown Palace']
06/03/2017,"Shoreline Amphitheatre, Mountain View, CA, USA","['Playing in the Band', 'Viola Lee Blues', 'Tennessee Jed', 'Here Comes Sunshine', 'Candyman', 'Me and My Uncle', 'Friend of the Devil', 'One More Saturday Night']","['China Cat Sunflower', 'I Know You Rider', 'China Doll', 'Eyes of the World', 'Deal', 'Drums', 'Space', 'The Wheel', 'Looks Like Rain', ""Good Lovin'""]",[],['Black Muddy River']
06/01/2017,"Hollywood Bowl, Los Angeles, CA, USA","['Hell in a Bucket', 'Next Time You See Me', 'West L.A. Fadeaway', 'Mississippi Half-Step Uptown Toodeloo', 'The Little Red Rooster', ""Uncle John's Band"", 'New Speedway Boogie', 'U.S. Blues']","['Estimated Prophet', 'St. Stephen', 'Terrapin Station', 'Dark Star', 'Drums', 'Space', 'Morning Dew']",[],['Not Fade Away']
05/31/2017,"Hollywood Bowl, Los Angeles, CA, USA","['Shakedown Street', 'Cold Rain and Snow', 'Black-Throated Wind', 'Ramble On Rose', 'Cumberland Blues', 'Althea', 'Promised Land']","[""Truckin'"", ""He's Gone"", 'Help on the Way', 'Slipknot!', ""Franklin's Tower"", 'Drums', 'Space', 'Stella Blue', 'Sugar Magnolia']",[],['Ripple']
05/28/2017,"Ak-Chin Pavilion, Phoenix, AZ, USA","['Feel Like a Stranger', 'Bertha', 'Minglewood Blues', 'Cassidy', 'Peggy-O', 'Loose Lucy', 'Sugaree', 'Samson and Delilah']","['Lost Sailor', 'Saint of Circumstance', 'Crazy Fingers', 'Scarlet Begonias', 'Fire on the Mountain', 'Drums', 'Space', 'Dear Prudence', 'Casey Jones']",[],['Touch of Grey']
05/27/2017,"MGM Grand Garden Arena, Las Vegas, NV, USA","['The Music Never Stopped', 'Dire Wolf', 'Jack Straw', 'Loser', 'Friend of the Devil', 'Brown-Eyed Women', 'Bird Song']","['Playing in the Band', 'Deal', 'China Cat Sunflower', 'I Know You Rider', 'Drums', 'Space', 'The Other One', 'Black Peter', 'One More Saturday Night']",[],"[""Knockin' on Heaven's Door""]"
07/30/2016,"Shoreline Amphitheatre, Mountain View, CA, USA","['Help on the Way', 'Slipknot!', 'Shakedown Street', 'Cassidy', 'Standing on the Moon', 'Me and My Uncle', 'Brown-Eyed Women', ""Franklin's Tower""]","['Dark Star', 'St. Stephen', 'Eyes of the World', 'Terrapin Station', 'Drums', 'Space', 'Days Between', 'Not Fade Away']",[],"['U.S. Blues', 'Brokedown Palace']"
07/29/2016,"Toyota Amphitheatre, Wheatland, CA, USA","[""Uncle John's Band"", 'Tennessee Jed', 'Easy Wind', 'Ramble On Rose', 'Row Jimmy', 'Loser', 'Touch of Grey']","['Lost Sailor', 'Saint of Circumstance', ""He's Gone"", 'China Cat Sunflower', 'I Know You Rider', 'Drums', 'Space', 'New Speedway Boogie', 'Morning Dew', 'Casey Jones']",[],['Ripple']
07/27/2016,"Sleep Train Amphitheatre, Chula Vista, CA, USA","['Iko Iko', 'Minglewood Blues', 'Candyman', 'Big River', 'Friend of the Devil', 'Even So', 'Sugaree', 'The Music Never Stopped']","[""Truckin'"", 'Althea', 'Estimated Prophet', 'Playing in the Band', 'Drums', 'Space', 'Going Down the Road Feeling Bad', ""A Hard Rain's A-Gonna Fall"", 'Throwing Stones']",[],['Black Muddy River']
07/26/2016,"Irvine Meadows Amphitheatre, Irvine, CA, USA","['Cold Rain and Snow', 'Jack Straw', 'Bertha', 'Black-Throated Wind', 'Loose Lucy', 'Big Boss Man', 'Mississippi Half-Step Uptown Toodeloo']","['Deal', 'Scarlet Begonias', 'Fire on the Mountain', 'Dark Star', 'Drums', 'Space', 'The Other One', 'Stella Blue', 'U.S. Blues']",[],"['Brokedown Palace', 'Johnny B. Goode']"
07/23/2016,"The Gorge Amphitheatre, George, WA, USA","['Touch of Grey', 'Hell in a Bucket', 'Dire Wolf', 'When I Paint My Masterpiece', 'Cassidy', 'Brown-Eyed Women', 'Ramble On Rose', 'Next Time You See Me', 'One More Saturday Night']","['Eyes of the World', 'New Speedway Boogie', 'Cumberland Blues', 'Shakedown Street', ""Uncle John's Band"", 'Drums', 'Space', 'Wharf Rat', 'Casey Jones']",[],"[""Knockin' on Heaven's Door""]"
07/22/2016,"Moda Center, Portland, OR, USA","['Feel Like a Stranger', 'Easy Wind', 'Me and My Uncle', 'Tennessee Jed', 'West L.A. Fadeaway', 'Lost Sailor', 'Saint of Circumstance', ""Don't Ease Me In""]","['Here Comes Sunshine', 'China Cat Sunflower', 'I Know You Rider', 'Viola Lee Blues', 'Drums', 'Space', 'Dear Prudence', 'The Wheel']",[],"['Sugar Magnolia', 'Ripple']"
07/16/2016,"Fenway Park, Boston, MA, USA","[""Truckin'"", 'Big River', 'They Love Each Other', 'Deal', 'Bird Song', 'Passenger', 'Going Down the Road Feeling Bad']","['Playing in the Band', 'Estimated Prophet', ""He's Gone"", 'Sugaree', 'Fire on the Mountain', 'Drums', 'Space', 'Days Between', 'Not Fade Away']",[],['One More Saturday Night']
07/15/2016,"Fenway Park, Boston, MA, USA","['Jack Straw', 'The Music Never Stopped', 'Next Time You See Me', 'Loser', 'Peggy-O', 'Help on the Way', 'Slipknot!', ""Franklin's Tower""]","['St. Stephen', 'Dark Star', 'Terrapin Station', 'Drums', 'Space', 'Morning Dew', 'Casey Jones']",[],"['Black Muddy River', 'U.S. Blues']"
07/13/2016,"First Niagara Pavilion, Burgettstown, PA, USA","['Hell in a Bucket', 'Bertha', 'Liberty', ""Maggie's Farm"", 'Cold Rain and Snow', 'Looks Like Rain', 'Row Jimmy', 'Throwing Stones']","['Shakedown Street', ""Uncle John's Band"", 'All Along the Watchtower', 'China Cat Sunflower', 'I Know You Rider', 'Drums', 'Space', 'Black Peter', 'Johnny B. Goode']",[],['In the Midnight Hour']
07/10/2016,"Alpine Valley Music Theatre, East Troy, WI, USA","['Samson and Delilah', 'Mississippi Half-Step Uptown Toodeloo', 'Loose Lucy', 'Standing on the Moon', 'Crazy Fingers', 'Althea', 'Going Down the Road Feeling Bad']","['Sugar Magnolia', 'Viola Lee Blues', 'Scarlet Begonias', 'Fire on the Mountain', 'Drums', 'Space', 'Wharf Rat', 'Sunshine Daydream']",[],"['Ripple', 'Touch of Grey']"
07/09/2016,"Alpine Valley Music Theatre, East Troy, WI, USA","['Cassidy', 'Brown-Eyed Women', 'I Need a Miracle', 'Dire Wolf', 'Ramble On Rose', 'Box of Rain', 'The Music Never Stopped']","['Deal', 'Eyes of the World', 'St. Stephen', 'The Other One', 'Drums', 'Space', ""A Hard Rain's A-Gonna Fall"", 'Help on the Way', 'Slipknot!', ""Franklin's Tower"", 'One More Saturday Night']",[],"[""Knockin' on Heaven's Door""]"
07/07/2016,"DTE Energy Music Theatre, Clarkston, MI, USA","['Jack Straw', 'Big Boss Man', 'When I Paint My Masterpiece', 'Friend of the Devil', 'Minglewood Blues', 'Sugaree', ""Don't Ease Me In""]","['Playing in the Band', 'Estimated Prophet', 'Cumberland Blues', ""Truckin'"", 'Drums', 'Space', 'The Wheel', 'Dear Prudence', 'Casey Jones']",[],['Johnny B. Goode']
07/03/2016,"Folsom Field, Boulder, CO, USA","['Feel Like a Stranger', 'Next Time You See Me', 'Samson and Delilah', 'West L.A. Fadeaway', 'Bird Song', 'New Speedway Boogie']","['China Cat Sunflower', 'I Know You Rider', ""He's Gone"", 'Smokestack Lightning', 'Let It Grow', 'Drums', 'Space', 'Dark Star', 'Morning Dew']",[],"['Brokedown Palace', 'U.S. Blues']"
07/02/2016,"Folsom Field, Boulder, CO, USA","['Bertha', ""Good Lovin'"", 'Tennessee Jed', 'Cold Rain and Snow', 'Even So', ""Uncle John's Band"", 'One More Saturday Night']","['Scarlet Begonias', 'Fire on the Mountain', 'Saint of Circumstance', 'Terrapin Station', 'Drums', 'Space', 'Stella Blue', 'Throwing Stones', 'Not Fade Away']",[],['Black Muddy River']
06/28/2016,"XFINITY Theatre, Hartford, CT, USA","['Hell in a Bucket', 'Cold Rain and Snow', 'Queen Jane Approximately', 'Big River', 'Row Jimmy', 'Mississippi Half-Step Uptown Toodeloo', 'Cumberland Blues']","['Estimated Prophet', 'Eyes of the World', 'Deal', 'Viola Lee Blues', 'Drums', 'Space', 'The Wheel', 'Black Peter', 'U.S. Blues']",[],['Touch of Grey']
06/26/2016,"Citi Field, Queens, NY, USA","['St. Stephen', 'The Music Never Stopped', 'Bertha', 'Black-Throated Wind', 'Peggy-O', 'Box of Rain', 'Going Down the Road Feeling Bad']","[""Truckin'"", ""He's Gone"", 'Help on the Way', 'Slipknot!', ""Franklin's Tower"", 'Drums', 'Space', 'Days Between', 'China Cat Sunflower', 'I Know You Rider']",[],['Samson and Delilah']
06/25/2016,"Citi Field, Queens, NY, USA","['Shakedown Street', 'Jack Straw', 'Althea', 'Loose Lucy', 'Ramble On Rose', 'Sugaree', 'Passenger', 'Casey Jones']","['Dark Star', 'Friend of the Devil', 'Scarlet Begonias', 'Fire on the Mountain', 'Drums', 'Space', 'The Other One', 'Wharf Rat', 'Throwing Stones']",[],"['Ripple', 'One More Saturday Night']"
06/23/2016,"Jiffy Lube Live, Bristow, VA, USA","['Cold Rain and Snow', 'New Speedway Boogie', 'El Paso', 'They Love Each Other', 'Candyman', 'Bird Song', ""Don't Ease Me In""]","['Lost Sailor', 'Saint of Circumstance', 'Viola Lee Blues', 'Terrapin Station', 'Drums', 'Space', 'Dear Prudence', 'Sugar Magnolia']",[],['Black Muddy River']
06/21/2016,"Saratoga Performing Arts Center, Saratoga Springs, NY, USA","['Feel Like a Stranger', 'Here Comes Sunshine', 'Brown-Eyed Women', 'Loser', 'The Little Red Rooster', 'Cassidy', 'Deal']","['Iko Iko', 'Estimated Prophet', 'China Cat Sunflower', 'I Know You Rider', 'Drums', 'Space', ""Uncle John's Band"", 'Days Between', ""Good Lovin'""]",[],"['Brokedown Palace', 'Johnny B. Goode']"
06/20/2016,"BB&T Pavilion, Camden, NJ, USA","['Bertha', 'Shakedown Street', 'West L.A. Fadeaway', 'Row Jimmy', 'Crazy Fingers', 'I Need a Miracle', 'Big Railroad Blues']","['Playing in the Band', 'The Wheel', 'Eyes of the World', 'Standing on the Moon', 'Let It Grow', 'Drums', 'Space', 'All Along the Watchtower', 'Morning Dew', 'Not Fade Away']",[],['Ripple']
06/17/2016,"Klipsch Music Center, Noblesville, IN, USA","['Minglewood Blues', 'Cumberland Blues', 'Ramble On Rose', 'Black-Throated Wind', 'Althea', 'Lost Sailor', 'Saint of Circumstance']","['Dark Star', ""A Hard Rain's A-Gonna Fall"", ""He's Gone"", 'New Speedway Boogie', 'St. Stephen', 'Drums', 'Space', 'Looks Like Rain', 'Going Down the Road Feeling Bad']",[],['Black Muddy River']
06/16/2016,"Riverbend Music Center, Cincinnati, OH, USA","['Hell in a Bucket', 'Brown-Eyed Women', 'Me and My Uncle', 'Big River', 'Sugaree', 'Jack Straw', 'Mississippi Half-Step Uptown Toodeloo']","['Box of Rain', 'Viola Lee Blues', ""Uncle John's Band"", 'China Cat Sunflower', 'I Know You Rider', 'Drums', 'Space', 'Stella Blue', 'Sugar Magnolia']",[],['U.S. Blues']
06/12/2016,"Great Stage Park, Manchester, TN, USA","[""Truckin'"", 'Smokestack Lightning', 'Bertha', 'Playing in the Band', 'Bird Song', 'Tennessee Jed', 'Shakedown Street', 'Passenger', 'Casey Jones']","['Help on the Way', 'Slipknot!', 'Scarlet Begonias', 'Fire on the Mountain', 'Terrapin Station', 'Drums', 'Space', 'The Other One', 'Wharf Rat', ""Franklin's Tower""]",[],['Touch of Grey']
06/10/2016,"PNC Music Pavilion, Charlotte, NC, USA","['The Music Never Stopped', 'Cold Rain and Snow', 'Friend of the Devil', 'They Love Each Other', 'Liberty', 'Cassidy', 'Promised Land']","['Eyes of the World', 'Deal', 'Estimated Prophet', 'Drums', 'Space', 'Feel Like a Stranger', 'Black Peter', 'Turn On Your Love Light']",[],[]
05/23/2016,"The Fillmore, San Francisco, CA, USA","['St. Stephen', 'Hell in a Bucket', 'Cold Rain and Snow', 'Loose Lucy', 'Queen Jane Approximately', 'Brown-Eyed Women']","['Big Railroad Blues', 'Sugaree', 'Estimated Prophet', 'Dark Star', 'The Other One', 'Days Between', 'China Cat Sunflower', 'I Know You Rider']",[],['Brokedown Palace']
05/10/2016,"Jimmy Kimmel Live, Los Angeles, CA, USA","['Scarlet Begonias', 'Fire on the Mountain', 'Althea', 'Not Fade Away']",[],[],[]
02/18/2016,"Universal Studios Hollywood, Universal City, CA, USA",['Brown-Eyed Women'],[],[],[]
12/31/2015,"The Forum, Inglewood, CA, USA","['Feel Like a Stranger', 'They Love Each Other', 'Ramble On Rose', 'Loose Lucy', 'Sugaree', 'Hell in a Bucket']","['Dark Star', ""Uncle John's Band"", 'Terrapin Station', 'Drums', 'Space', 'Dear Prudence']","['In the Midnight Hour', 'Sugar Magnolia', 'Scarlet Begonias', 'Touch of Grey', 'Fire on the Mountain', 'St. Stephen', 'Sunshine Daydream']",['Brokedown Palace']
12/30/2015,"The Forum, Inglewood, CA, USA","['Minglewood Blues', 'Here Comes Sunshine', 'West L.A. Fadeaway', 'Althea', 'Loser', 'Bertha', 'Bird Song']","['Playing in the Band', 'Viola Lee Blues', 'Shakedown Street', 'China Cat Sunflower', 'I Know You Rider', 'Drums', 'Space', 'The Other One', 'Wharf Rat', 'Turn On Your Love Light']",[],['Friend of the Devil']
12/28/2015,"Bill Graham Civic Auditorium, San Francisco, CA, USA","['The Music Never Stopped', 'Shakey Ground', 'Mississippi Half-Step Uptown Toodeloo', 'Candyman', 'Me and My Uncle', 'Tennessee Jed', 'Jack Straw', 'New Speedway Boogie']","['Lost Sailor', 'Saint of Circumstance', 'Help on the Way', 'Slipknot!', ""Franklin's Tower"", 'Drums', 'Space', 'Looks Like Rain', 'The Wheel', 'Not Fade Away']",[],['Brokedown Palace']
12/27/2015,"Bill Graham Civic Auditorium, San Francisco, CA, USA","[""Truckin'"", 'Cold Rain and Snow', 'Brown-Eyed Women', 'Black-Throated Wind', 'Standing on the Moon', 'Cassidy', 'U.S. Blues']","['Samson and Delilah', 'Deal', ""He's Gone"", 'Estimated Prophet', 'Eyes of the World', 'Drums', 'Space', 'Black Peter', 'Going Down the Road Feeling Bad']",[],"['Ripple', 'Casey Jones']"
11/28/2015,"MGM Grand Garden Arena, Las Vegas, NV, USA","['Cassidy', 'Loose Lucy', 'West L.A. Fadeaway', 'Ramble On Rose', 'Tennessee Jed', 'Sugaree', 'Deal', 'One More Saturday Night']","['Help on the Way', 'Slipknot!', ""Franklin's Tower"", 'Scarlet Begonias', 'Fire on the Mountain', 'Drums', 'Space', 'Cryptical Envelopment', 'The Other One', 'Morning Dew', 'Turn On Your Love Light']",[],['Brokedown Palace']
11/27/2015,"MGM Grand Garden Arena, Las Vegas, NV, USA","['Shakedown Street', ""Uncle John's Band"", 'Althea', 'Jack Straw', 'Row Jimmy', 'Black-Throated Wind', 'Casey Jones']","['Dark Star', 'Playing in the Band', 'Let It Grow', 'St. Stephen', 'Drums', 'Space', 'Wharf Rat', 'Sugar Magnolia']",[],['Ripple']
11/25/2015,"1st Bank Center, Broomfield, CO, USA","['Hell in a Bucket', 'Brown-Eyed Women', 'Feel Like a Stranger', 'Peggy-O', 'The Little Red Rooster', 'Bird Song', 'The Music Never Stopped']","[""Truckin'"", ""He's Gone"", 'Eyes of the World', 'Terrapin Station', 'Drums', 'Space', 'Stella Blue', 'China Cat Sunflower', 'I Know You Rider']",[],['Not Fade Away']
11/24/2015,"1st Bank Center, Broomfield, CO, USA","['Cold Rain and Snow', 'New Speedway Boogie', 'Smokestack Lightning', 'Me and My Uncle', 'Candyman', 'Bertha', 'Lost Sailor', 'Saint of Circumstance']","['Help on the Way', 'Slipknot!', ""Franklin's Tower"", 'Estimated Prophet', 'Dark Star', 'Drums', 'Space', 'Black Peter', ""Good Lovin'""]",[],['Touch of Grey']
11/21/2015,"Target Center, Minneapolis, MN, USA","['Jack Straw', 'Big Boss Man', 'Mexicali Blues', 'Row Jimmy', 'Ramble On Rose', 'Hell in a Bucket', 'Casey Jones']","['Cumberland Blues', 'Cryptical Envelopment', ""Uncle John's Band"", 'Scarlet Begonias', 'Fire on the Mountain', 'Drums', 'Space', 'Dear Prudence', 'Going Down the Road Feeling Bad', 'One More Saturday Night']",[],['Friend of the Devil']
11/20/2015,"Scottrade Center, St. Louis, MO, USA","['Shakedown Street', 'Brown-Eyed Women', 'Minglewood Blues', 'They Love Each Other', 'Black-Throated Wind', 'Sugaree', 'The Music Never Stopped']","['Iko Iko', 'Eyes of the World', 'Let It Grow', 'Terrapin Station', 'Drums', 'Space', 'The Wheel', 'Looks Like Rain', 'Sugar Magnolia']",[],['Ripple']
11/18/2015,"Bridgestone Arena, Nashville, TN, USA","[""Truckin'"", 'Loose Lucy', 'Althea', 'El Paso', 'West L.A. Fadeaway', 'Tennessee Jed', 'Deal']","['Playing in the Band', 'New Speedway Boogie', 'Estimated Prophet', 'Viola Lee Blues', 'Drums', 'Space', 'Stella Blue', 'China Cat Sunflower', 'I Know You Rider']",[],['Johnny B. Goode']
11/17/2015,"Philips Arena, Atlanta, GA, USA","['Feel Like a Stranger', 'Cold Rain and Snow', 'Promised Land', 'Loser', 'Bertha', 'Cassidy', ""Don't Ease Me In""]","['St. Stephen', ""Uncle John's Band"", 'Help on the Way', 'Slipknot!', ""Franklin's Tower"", 'Drums', 'Space', 'I Need a Miracle', 'Morning Dew', 'Not Fade Away']",[],['Brokedown Palace']
11/14/2015,"Greensboro Coliseum, Greensboro, NC, USA","['Hell in a Bucket', 'Crazy Fingers', ""He's Gone"", 'Me and My Uncle', 'Ship of Fools', 'Lost Sailor', 'Saint of Circumstance']","['Jack Straw', 'Shakedown Street', 'Scarlet Begonias', 'Fire on the Mountain', 'Drums', 'Space', 'The Other One', 'Wharf Rat', 'One More Saturday Night']",[],['Friend of the Devil']
11/13/2015,"Nationwide Arena, Columbus, OH, USA","['Mississippi Half-Step Uptown Toodeloo', 'Brown-Eyed Women', 'Tennessee Jed', 'The Little Red Rooster', 'Bird Song', 'Standing on the Moon', 'Cumberland Blues']","['Playing in the Band', 'China Cat Sunflower', 'I Know You Rider', 'Eyes of the World', 'Drums', 'Space', 'The Wheel', 'Black Peter', ""Good Lovin'""]",[],['Touch of Grey']
11/11/2015,"First Niagara Center, Buffalo, NY, USA","['Promised Land', 'Minglewood Blues', 'Bertha', 'Here Comes Sunshine', 'El Paso', 'Althea', 'U.S. Blues']","['Viola Lee Blues', 'Wang Dang Doodle', 'New Speedway Boogie', ""Truckin'"", 'Dark Star', 'Drums', 'Space', 'China Doll', 'Sugar Magnolia']",[],['Casey Jones']
11/10/2015,"DCU Center, Worcester, MA, USA","['Cassidy', 'Row Jimmy', 'Ramble On Rose', 'Big River', 'Peggy-O', 'Sugaree', 'The Music Never Stopped']","['Deal', ""Uncle John's Band"", 'Estimated Prophet', 'Terrapin Station', 'Drums', 'Space', 'Dear Prudence', 'Get Out of My Life, Woman', 'Going Down the Road Feeling Bad']",[],['Ripple']
11/07/2015,"Madison Square Garden, New York, NY, USA","['Shakedown Street', 'I Need a Miracle', 'Cold Rain and Snow', 'Tennessee Jed', 'They Love Each Other', 'Jack Straw']","['Help on the Way', 'Slipknot!', ""Franklin's Tower"", ""He's Gone"", 'St. Stephen', 'Drums', 'Space', 'The Other One', 'Stella Blue', 'Not Fade Away']",[],['Brokedown Palace']
11/06/2015,"Verizon Center, Washington, DC, USA","[""Truckin'"", 'Big Boss Man', 'Brown-Eyed Women', 'West L.A. Fadeaway', 'Loser', 'Lost Sailor', 'Saint of Circumstance']","['Bertha', 'Eyes of the World', 'Scarlet Begonias', 'Fire on the Mountain', 'Drums', 'Space', 'The Wheel', 'Looks Like Rain', 'In the Midnight Hour']",[],['Touch of Grey']
11/05/2015,"Wells Fargo Center, Philadelphia, PA, USA","['Here Comes Sunshine', 'Loose Lucy', 'Candyman', 'Mississippi Half-Step Uptown Toodeloo', 'Bird Song', 'Cumberland Blues', 'Casey Jones']","['Iko Iko', 'Feel Like a Stranger', 'China Cat Sunflower', 'I Know You Rider', 'Drums', 'Space', 'Playing in the Band', 'Standing on the Moon', 'Sugar Magnolia']",[],['U.S. Blues']
11/01/2015,"Madison Square Garden, New York, NY, USA","['Samson and Delilah', 'Minglewood Blues', 'Bertha', 'Sugaree', 'Friend of the Devil', 'Crazy Fingers', ""Uncle John's Band""]","['Scarlet Begonias', 'Fire on the Mountain', 'Shakedown Street', 'Dark Star', 'Drums', 'Space', 'Wharf Rat', 'Playing in the Band', 'Going Down the Road Feeling Bad']",[],['Ripple']
10/31/2015,"Madison Square Garden, New York, NY, USA","['Jack Straw', 'New Speedway Boogie', 'Brown-Eyed Women', 'Ramble On Rose', 'Althea', 'Cassidy', 'Deal']","[""Truckin'"", 'Wang Dang Doodle', 'Estimated Prophet', 'Eyes of the World', 'Terrapin Station', 'Drums', 'Space', 'China Cat Sunflower', 'I Know You Rider', 'Morning Dew', 'One More Saturday Night']",[],['Werewolves of London']
